"","pd2016","emp12","geograhic.region"
"1",0.23999999,23944,"South"
"2",0.2,78009,"South"
"3",0.47,8277,"South"
"4",0.20999999,8041,"South"
"5",0.079999998,23227,"South"
"6",0.75,4242,"South"
"7",0.43000001,8033,"South"
"8",0.28,45219,"South"
"9",0.41999999,13637,"South"
"10",0.15000001,10356,"South"
"11",0.16,17969,"South"
"12",0.43000001,4294,"South"
"13",0.44,7110,"South"
"14",0.19,4902,"South"
"15",0.1,5354,"South"
"16",0.2,19145,"South"
"17",0.30000001,21906,"South"
"18",0.47,4079,"South"
"19",0.34,4027,"South"
"20",0.15000001,14967,"South"
"21",0.27000001,5728,"South"
"22",0.1,32812,"South"
"23",0.23999999,19767,"South"
"24",0.68000001,14572,"South"
"25",0.14,26205,"South"
"26",0.23,34062,"South"
"27",0.31,13364,"South"
"28",0.23999999,40560,"South"
"29",0.17,5939,"South"
"30",0.18000001,12797,"South"
"31",0.13,10413,"South"
"32",0.81999999,2699,"South"
"33",0.60000002,5495,"South"
"34",0.28999999,6442,"South"
"35",0.25,42547,"South"
"36",0.18000001,21680,"South"
"37",0.51999998,292810,"South"
"38",0.15000001,5366,"South"
"39",0.25,40056,"South"
"40",0.25,13084,"South"
"41",0.36000001,64201,"South"
"42",0.23999999,36285,"South"
"43",0.73000002,3450,"South"
"44",0.82999998,7392,"South"
"45",0.38999999,158285,"South"
"46",0.50999999,6868,"South"
"47",0.11,11332,"South"
"48",0.14,37496,"South"
"49",0.41999999,171189,"South"
"50",0.41999999,6966,"South"
"51",0.62,98595,"South"
"52",0.22,52892,"South"
"53",0.73000002,3190,"South"
"54",0.41999999,6704,"South"
"55",0.38999999,13809,"South"
"56",0.23,8298,"South"
"57",0.5,22709,"South"
"58",0.23,100086,"South"
"59",0.15000001,35845,"South"
"60",0.74000001,4845,"South"
"61",0.36000001,31708,"South"
"62",0.28,16837,"South"
"63",0.38999999,88619,"South"
"64",0.15000001,24119,"South"
"65",0.28,6050,"South"
"66",0.70999998,2306,"South"
"67",0.079999998,8641,"South"
"68",0.31,8155,"South"
"69",0.30000001,14989,"South"
"70",0.20999999,104069,"South"
"71",0.30000001,15258,"South"
"72",0.18000001,3884,"South"
"73",0.36000001,2281,"South"
"74",0.28,11686,"South"
"75",0.31,3599,"South"
"76",0.56999999,9114,"South"
"77",0.43000001,6112,"South"
"78",0.33000001,9500,"South"
"79",0.18000001,3474,"South"
"80",0.22,9201,"South"
"81",0.36000001,7899,"South"
"82",0.34,45671,"South"
"83",0.30000001,25402,"South"
"84",0.2,19980,"South"
"85",0.52999997,7851,"South"
"86",0.28999999,2814,"South"
"87",0.43000001,5341,"South"
"88",0.52999997,7475,"South"
"89",0.36000001,55745,"South"
"90",0.31,7122,"South"
"91",0.20999999,4741,"South"
"92",0.22,37934,"South"
"93",0.30000001,7849,"South"
"94",0.20999999,18268,"South"
"95",0.20999999,10056,"South"
"96",0.34,13436,"South"
"97",0.27000001,6001,"South"
"98",0.28999999,14557,"South"
"99",0.20999999,4707,"South"
"100",0.20999999,5772,"South"
"101",0.31,29211,"South"
"102",0.61000001,10007,"South"
"103",0.27000001,2611,"South"
"104",0.36000001,6574,"South"
"105",0.22,3186,"South"
"106",0.57999998,4183,"South"
"107",0.33000001,5541,"South"
"108",0.27000001,8854,"South"
"109",0.22,30970,"South"
"110",0.20999999,6560,"South"
"111",0.23,6063,"South"
"112",0.2,19048,"South"
"113",0.27000001,18039,"South"
"114",0.43000001,2973,"South"
"115",0.47,3281,"South"
"116",0.20999999,3807,"South"
"117",0.36000001,3361,"South"
"118",0.19,9391,"South"
"119",0.44,4013,"South"
"120",0.25,7045,"South"
"121",0.62,3967,"South"
"122",0.17,9482,"South"
"123",0.36000001,8051,"South"
"124",0.15000001,27805,"South"
"125",0.22,3535,"South"
"126",0.23999999,175483,"South"
"127",0.56999999,6121,"South"
"128",0.23,8467,"South"
"129",0.25,4334,"South"
"130",0.17,2954,"South"
"131",0.16,54371,"South"
"132",0.28,5591,"South"
"133",0.23999999,5484,"South"
"134",0.2,4634,"South"
"135",0.54000002,51047,"South"
"136",0.22,15206,"South"
"137",0.34999999,5933,"South"
"138",0.22,99426,"South"
"139",0.41,33383,"South"
"140",0.19,3037,"South"
"141",0.44,8639,"South"
"142",0.23,730136,"South"
"143",0.64999998,49059,"West"
"144",0.34999999,64964,"West"
"145",0.56,18798,"West"
"146",0.31999999,13251,"West"
"147",0.28,3263,"West"
"148",0.34,7446,"West"
"149",0.27000001,1758679,"West"
"150",0.46000001,69076,"West"
"151",0.22,36914,"West"
"152",0.43000001,429071,"West"
"153",0.54000002,136079,"West"
"154",0.38,17026,"West"
"155",0.72000003,84832,"West"
"156",0.31999999,71475,"West"
"157",0.44999999,9040,"West"
"158",0.316980964502734,1994,"West"
"159",0.316980964502734,3974,"West"
"160",0.316980964502734,149957,"West"
"161",0.79000002,484,"West"
"162",0.55000001,12893,"West"
"163",0.34,88850,"West"
"164",0.44,17732,"West"
"165",0.34999999,8948,"West"
"166",0.40000001,488614,"West"
"167",0.69,9090,"West"
"168",0.37,80077,"West"
"169",0.38999999,374012,"West"
"170",0.49000001,11300,"West"
"171",0.33000001,58207,"West"
"172",0.57999998,57672,"West"
"173",0.68000001,8703,"West"
"174",0.38999999,340862,"West"
"175",0.40000001,50124,"West"
"176",0.40000001,25776,"West"
"177",0.47999999,10057,"West"
"178",0.20999999,4385347,"West"
"179",0.70999998,53575,"West"
"180",0.38999999,128501,"West"
"181",0.79000002,7363,"West"
"182",0.34999999,36896,"West"
"183",0.60000002,96380,"West"
"184",0.50999999,3097,"West"
"185",0.23999999,7543,"West"
"186",0.51999998,192886,"West"
"187",0.67000002,65853,"West"
"188",0.64999998,43714,"West"
"189",0.49000001,1441414,"West"
"190",0.50999999,158781,"West"
"191",0.41,7125,"West"
"192",0.37,873552,"West"
"193",0.5,610599,"West"
"194",0.58999997,24973,"West"
"195",0.56999999,791598,"West"
"196",0.51999998,1401964,"West"
"197",0.56,475641,"West"
"198",0.86000001,267457,"West"
"199",0.54000002,126225,"West"
"200",0.50999999,386236,"West"
"201",0.75999999,198213,"West"
"202",0.61000001,884297,"West"
"203",0.73000002,125443,"West"
"204",0.75,65326,"West"
"205",0.28,1260,"West"
"206",0.33000001,15952,"West"
"207",0.36000001,181254,"West"
"208",0.62,224796,"West"
"209",0.70999998,206247,"West"
"210",0.47,37958,"West"
"211",0.38999999,21813,"West"
"212",0.28999999,4557,"West"
"213",0.40000001,169015,"West"
"214",0.41,19448,"West"
"215",0.37,395747,"West"
"216",0.55000001,91826,"West"
"217",0.68000001,24432,"West"
"218",0.34,217122,"West"
"219",0.49000001,6949,"West"
"220",0.46000001,298220,"West"
"221",0.52999997,5165,"West"
"222",0.34,1926,"West"
"223",0.13,1579,"West"
"224",0.31,163620,"West"
"225",0.70999998,30157,"West"
"226",0.51999998,7803,"West"
"227",0.43000001,965,"West"
"228",0.12,5105,"West"
"229",0.47,3320,"West"
"230",0.44,1421,"West"
"231",0.61000001,1253,"West"
"232",0.22,1862,"West"
"233",0.25999999,13022,"West"
"234",0.23999999,329878,"West"
"235",0.75,853,"West"
"236",0.18000001,151386,"West"
"237",0.37,30060,"West"
"238",0.56,11800,"West"
"239",0.34,13823,"West"
"240",0.19,280082,"West"
"241",0.23999999,28840,"West"
"242",0.43000001,3052,"West"
"243",0.46000001,8121,"West"
"244",0.38999999,9252,"West"
"245",0.55000001,416,"West"
"246",0.33000001,2261,"West"
"247",0.43000001,784,"West"
"248",0.2,282067,"West"
"249",0.49000001,780,"West"
"250",0.11,4045,"West"
"251",0.15000001,4137,"West"
"252",0.5,161435,"West"
"253",0.5,27719,"West"
"254",0.47999999,6132,"West"
"255",0.38999999,2019,"West"
"256",0.17,10414,"West"
"257",0.19,67742,"West"
"258",0.28,421,"West"
"259",0.36000001,7111,"West"
"260",0.13,11824,"West"
"261",0.31,17804,"West"
"262",0.25999999,13980,"West"
"263",0.25999999,7545,"West"
"264",0.34,1891,"West"
"265",0.50999999,8669,"West"
"266",0.33000001,2033,"West"
"267",0.19,10135,"West"
"268",0.69999999,5677,"West"
"269",0.23999999,66583,"West"
"270",0.46000001,2836,"West"
"271",0.13,4485,"West"
"272",0.36000001,13351,"West"
"273",0.54000002,2719,"West"
"274",0.5,483,"West"
"275",0.51999998,4479,"West"
"276",0.69,1042,"West"
"277",0.2,18174,"West"
"278",0.58999997,10922,"West"
"279",0.25,2509,"West"
"280",0.11,126372,"West"
"281",0.34,4637,"West"
"282",0.15000001,437226,"West"
"283",0.57999998,431161,"Northeast"
"284",0.58999997,98055,"Northeast"
"285",0.41,85306,"Northeast"
"286",0.50999999,415326,"Northeast"
"287",0.54000002,128083,"Northeast"
"288",0.50999999,78230,"Northeast"
"289",0.5,57309,"Northeast"
"290",0.43000001,68403,"Northeast"
"291",0.44909969,258889,"South"
"292",0.6230399,86297,"South"
"293",0.3716805,332068,"South"
"294",0.58999997,10375,"South"
"295",0.17,79218,"South"
"296",0.25,10308,"South"
"297",0.23999999,238006,"South"
"298",0.38,886907,"South"
"299",0.66000003,4627,"South"
"300",0.2,59630,"South"
"301",0.34999999,46012,"South"
"302",0.28999999,89015,"South"
"303",0.25999999,139903,"South"
"304",0.36000001,25571,"South"
"305",0.25999999,11618,"South"
"306",0.34999999,5216,"South"
"307",0.18000001,416740,"South"
"308",0.47,127966,"South"
"309",0.38,38003,"South"
"310",0.38,4724,"South"
"311",0.28999999,16955,"South"
"312",0.68000001,6109,"South"
"313",0.17,5263,"South"
"314",0.28999999,5599,"South"
"315",0.23999999,4718,"South"
"316",0.34999999,10794,"South"
"317",0.28,14832,"South"
"318",0.41999999,59290,"South"
"319",0.34,33547,"South"
"320",0.33000001,615828,"South"
"321",0.50999999,6535,"South"
"322",0.1,55225,"South"
"323",0.36000001,16505,"South"
"324",0.30000001,4997,"South"
"325",0.46000001,3287,"South"
"326",0.15000001,122221,"South"
"327",0.37,266573,"South"
"328",0.38,138923,"South"
"329",0.61000001,15179,"South"
"330",0.25999999,2529,"South"
"331",0.2,7314,"South"
"332",0.41,138529,"South"
"333",0.40000001,117156,"South"
"334",0.36000001,61577,"South"
"335",0.34999999,1179070,"South"
"336",0.63999999,41437,"South"
"337",0.44999999,33063,"South"
"338",0.23,85324,"South"
"339",0.23999999,16498,"South"
"340",0.28999999,600337,"South"
"341",0.60000002,129997,"South"
"342",0.61000001,604635,"South"
"343",0.56999999,189851,"South"
"344",0.37,429921,"South"
"345",0.47,250494,"South"
"346",0.41,25517,"South"
"347",0.30000001,97269,"South"
"348",0.20999999,153880,"South"
"349",0.43000001,212492,"South"
"350",0.47,24032,"South"
"351",0.31999999,114983,"South"
"352",0.47,67202,"South"
"353",0.30000001,16874,"South"
"354",0.20999999,8565,"South"
"355",0.23,4721,"South"
"356",0.18000001,214910,"South"
"357",0.41999999,13094,"South"
"358",0.28,24364,"South"
"359",0.2,9177,"South"
"360",0.2,7978,"South"
"361",0.2,3049,"South"
"362",0.27000001,4117,"South"
"363",0.15000001,1044,"South"
"364",0.44999999,16695,"South"
"365",0.5,7888,"South"
"366",0.1,31593,"South"
"367",0.23,42733,"South"
"368",0.20999999,5323,"South"
"369",0.34999999,7057,"South"
"370",0.16,64201,"South"
"371",0.58999997,4619,"South"
"372",0.22,6548,"South"
"373",0.1,6187,"South"
"374",0.40000001,13902,"South"
"375",0.27000001,30614,"South"
"376",0.36000001,8520,"South"
"377",0.50999999,9314,"South"
"378",0.27000001,2190,"South"
"379",0.57999998,20011,"South"
"380",0.31,4738,"South"
"381",0.27000001,46694,"South"
"382",0.28,29852,"South"
"383",0.18000001,4516,"South"
"384",0.25,119845,"South"
"385",0.56,2297,"South"
"386",0.43000001,9556,"South"
"387",0.2,106938,"South"
"388",0.23,53102,"South"
"389",0.67000002,883,"South"
"390",0.55000001,112343,"South"
"391",0.85000002,2635,"South"
"392",0.28,358787,"South"
"393",0.49000001,15489,"South"
"394",0.28999999,19169,"South"
"395",0.25,60212,"South"
"396",0.28999999,6824,"South"
"397",0.28999999,60295,"South"
"398",0.27000001,5261,"South"
"399",0.28,8033,"South"
"400",0.38,7750,"South"
"401",0.15000001,9932,"South"
"402",0.12,11011,"South"
"403",0.81,7215,"South"
"404",0.40000001,335451,"South"
"405",0.25999999,4262,"South"
"406",0.47999999,36303,"South"
"407",0.68000001,60571,"South"
"408",0.54000002,4035,"South"
"409",0.44999999,1674,"South"
"410",0.13,23796,"South"
"411",0.20999999,7484,"South"
"412",0.31999999,7970,"South"
"413",0.31,4394,"South"
"414",0.31,8999,"South"
"415",0.16,49477,"South"
"416",0.38999999,39929,"South"
"417",0.27000001,87576,"South"
"418",0.23999999,8469,"South"
"419",0.15000001,464856,"South"
"420",0.69,10878,"South"
"421",0.15000001,1194,"South"
"422",0.1,35128,"South"
"423",0.34,24226,"South"
"424",0.17,9905,"South"
"425",0.33000001,5711,"South"
"426",0.36000001,400616,"South"
"427",0.50999999,16679,"South"
"428",0.15000001,82212,"South"
"429",0.23,2290,"South"
"430",0.75,10867,"South"
"431",0.13,15108,"South"
"432",0.25,9713,"South"
"433",0.25999999,4594,"South"
"434",0.18000001,93550,"South"
"435",0.50999999,63237,"South"
"436",0.38,3128,"South"
"437",0.23999999,27006,"South"
"438",0.17,6015,"South"
"439",0.25999999,5647,"South"
"440",0.18000001,6150,"South"
"441",0.55000001,2903,"South"
"442",0.37,3661,"South"
"443",0.31,12704,"South"
"444",0.31999999,7008,"South"
"445",0.30000001,3545,"South"
"446",0.28,17379,"South"
"447",0.34999999,13232,"South"
"448",0.22,24746,"South"
"449",0.58999997,3157,"South"
"450",0.31,6081,"South"
"451",0.33000001,47694,"South"
"452",0.40000001,13915,"South"
"453",0.18000001,8157,"South"
"454",0.63,11959,"South"
"455",0.2,3252,"South"
"456",0.38,7949,"South"
"457",0.40000001,5446,"South"
"458",0.38999999,4486,"South"
"459",0.41,2480,"South"
"460",0.23999999,8764,"South"
"461",0.44,11717,"South"
"462",0.28,3449,"South"
"463",0.23999999,7772,"South"
"464",0.28,14312,"South"
"465",0.14,75461,"South"
"466",0.57999998,43010,"South"
"467",0.5,15998,"South"
"468",0.28,6308,"South"
"469",0.28,68308,"South"
"470",0.28,11153,"South"
"471",0.47999999,12642,"South"
"472",0.14,7552,"South"
"473",0.12,7646,"South"
"474",0.14,16923,"South"
"475",0.2,3988,"South"
"476",0.31,7339,"South"
"477",0.28999999,854,"South"
"478",0.44,6146,"South"
"479",0.18000001,2482,"South"
"480",0.55000001,79081,"South"
"481",0.64999998,37859,"South"
"482",0.62,1949,"South"
"483",0.20999999,4910,"South"
"484",0.40000001,2900,"South"
"485",0.33000001,24667,"South"
"486",0.36000001,10532,"South"
"487",0.19,2105,"South"
"488",0.58999997,12305,"South"
"489",0.5,2629,"South"
"490",0.62,521,"South"
"491",0.61000001,9001,"South"
"492",0.23999999,2701,"South"
"493",0.38,4717,"South"
"494",0.34999999,3347,"South"
"495",0.54000002,16703,"South"
"496",0.38,17232,"South"
"497",0.30000001,11050,"South"
"498",0.25999999,3941,"South"
"499",0.18000001,2515,"South"
"500",0.31999999,32123,"South"
"501",0.37,3056,"South"
"502",0.37,2703,"South"
"503",0.49000001,8811,"South"
"504",0.16,10717,"South"
"505",0.31999999,28157,"South"
"506",0.18000001,37415,"South"
"507",0.2,13920,"South"
"508",0.28,2257,"South"
"509",0.56,7250,"South"
"510",0.5,11266,"South"
"511",0.2,956,"South"
"512",0.41999999,1698,"South"
"513",0.31,12401,"South"
"514",0.14,40903,"South"
"515",0.25999999,2534,"South"
"516",0.28999999,3373,"South"
"517",0.41,3309,"South"
"518",0.44,8646,"South"
"519",0.23999999,78999,"South"
"520",0.63999999,424174,"West"
"521",0.61000001,31414,"West"
"522",0.62,74135,"West"
"523",0.63999999,191637,"West"
"524",0.30000001,2091,"Midwest"
"525",0.27000001,7088,"Midwest"
"526",0.34999999,5584,"Midwest"
"527",0.30000001,3054,"Midwest"
"528",0.31999999,13010,"Midwest"
"529",0.34,67185,"Midwest"
"530",0.50999999,13905,"Midwest"
"531",0.38999999,13301,"Midwest"
"532",0.40000001,10468,"Midwest"
"533",0.38999999,10732,"Midwest"
"534",0.34999999,7821,"Midwest"
"535",0.28999999,4174,"Midwest"
"536",0.27000001,10884,"Midwest"
"537",0.31999999,6802,"Midwest"
"538",0.28,10153,"Midwest"
"539",0.38,22341,"Midwest"
"540",0.43000001,6543,"Midwest"
"541",0.27000001,5953,"Midwest"
"542",0.36000001,4322,"Midwest"
"543",0.33000001,8414,"Midwest"
"544",0.25999999,9563,"Midwest"
"545",0.36000001,23478,"Midwest"
"546",0.44,8344,"Midwest"
"547",0.28999999,37539,"Midwest"
"548",0.41999999,3845,"Midwest"
"549",0.25,4045,"Midwest"
"550",0.31999999,9773,"Midwest"
"551",0.31999999,18809,"Midwest"
"552",0.44,8639,"Midwest"
"553",0.30000001,52017,"Midwest"
"554",0.46000001,5445,"Midwest"
"555",0.28999999,10181,"Midwest"
"556",0.37,7598,"Midwest"
"557",0.40000001,5538,"Midwest"
"558",0.30000001,3795,"Midwest"
"559",0.27000001,4851,"Midwest"
"560",0.34999999,6333,"Midwest"
"561",0.27000001,5229,"Midwest"
"562",0.30000001,6545,"Midwest"
"563",0.36000001,5694,"Midwest"
"564",0.27000001,8268,"Midwest"
"565",0.33000001,7139,"Midwest"
"566",0.28999999,9027,"Midwest"
"567",0.31,4947,"Midwest"
"568",0.37,4926,"Midwest"
"569",0.25,3612,"Midwest"
"570",0.22,9139,"Midwest"
"571",0.34999999,10201,"Midwest"
"572",0.38,17395,"Midwest"
"573",0.38,8280,"Midwest"
"574",0.46000001,77144,"Midwest"
"575",0.66000003,10089,"Midwest"
"576",0.38,5114,"Midwest"
"577",0.25999999,8039,"Midwest"
"578",0.30000001,16181,"Midwest"
"579",0.38999999,112400,"Midwest"
"580",0.50999999,5457,"Midwest"
"581",0.33000001,3974,"Midwest"
"582",0.28999999,6613,"Midwest"
"583",0.14,7663,"Midwest"
"584",0.31,11006,"Midwest"
"585",0.25,16203,"Midwest"
"586",0.31,18482,"Midwest"
"587",0.43000001,6913,"Midwest"
"588",0.27000001,5286,"Midwest"
"589",0.34999999,4234,"Midwest"
"590",0.27000001,3740,"Midwest"
"591",0.27000001,4763,"Midwest"
"592",0.25999999,19971,"Midwest"
"593",0.43000001,7715,"Midwest"
"594",0.18000001,3235,"Midwest"
"595",0.17,6300,"Midwest"
"596",0.25999999,4542,"Midwest"
"597",0.30000001,13577,"Midwest"
"598",0.22,3984,"Midwest"
"599",0.25,230905,"Midwest"
"600",0.51999998,45893,"Midwest"
"601",0.36000001,9638,"Midwest"
"602",0.44,2420,"Midwest"
"603",0.28,5257,"Midwest"
"604",0.25,81704,"Midwest"
"605",0.47,6711,"Midwest"
"606",0.25999999,18659,"Midwest"
"607",0.13,51295,"Midwest"
"608",0.50999999,8522,"Midwest"
"609",0.37,3007,"Midwest"
"610",0.25,6490,"Midwest"
"611",0.33000001,3570,"Midwest"
"612",0.23999999,16606,"Midwest"
"613",0.37,24587,"Midwest"
"614",0.38999999,11609,"Midwest"
"615",0.36000001,2633,"Midwest"
"616",0.25,18014,"Midwest"
"617",0.37,4831,"Midwest"
"618",0.34,11309,"Midwest"
"619",0.47,51316,"Midwest"
"620",0.38,3981,"Midwest"
"621",0.36000001,6411,"Midwest"
"622",0.31999999,6364,"Midwest"
"623",0.38999999,1482,"West"
"624",0.19,38334,"West"
"625",0.31,2720,"West"
"626",0.090000004,3652,"West"
"627",0.19,21310,"West"
"628",0.18000001,10898,"West"
"629",0.60000002,2684,"West"
"630",0.2,16655,"West"
"631",0.31,46003,"West"
"632",0.2,4727,"West"
"633",0.18000001,1227,"West"
"634",0.13,607,"West"
"635",0.18000001,79027,"West"
"636",0.23,3730,"West"
"637",0.090000004,10468,"West"
"638",0.13,392,"West"
"639",0.16,2859,"West"
"640",0.19,2146,"West"
"641",0.18000001,9869,"West"
"642",0.20999999,6018,"West"
"643",0.07,6498,"West"
"644",0.11,6895,"West"
"645",0.15000001,7646,"West"
"646",0.18000001,5920,"West"
"647",0.15000001,11443,"West"
"648",0.090000004,10274,"West"
"649",0.2,62610,"West"
"650",0.25,18481,"West"
"651",0.44999999,3216,"West"
"652",0.18000001,1510,"West"
"653",0.17,2451,"West"
"654",0.20999999,17586,"West"
"655",0.079999998,9748,"West"
"656",0.17,18729,"West"
"657",0.28,1989,"West"
"658",0.090000004,4891,"West"
"659",0.15000001,9987,"West"
"660",0.16,3770,"West"
"661",0.25,4871,"West"
"662",0.27000001,5000,"West"
"663",0.43000001,35495,"West"
"664",0.20999999,4148,"West"
"665",0.36000001,4381,"West"
"666",0.17,31687,"West"
"667",0.23999999,2431,"Midwest"
"668",0.44999999,7540,"Midwest"
"669",0.28,24095,"Midwest"
"670",0.40000001,2473,"Midwest"
"671",0.2,16540,"Midwest"
"672",0.37,2203,"Midwest"
"673",0.28999999,7406,"Midwest"
"674",0.33000001,6067,"Midwest"
"675",0.31999999,96477,"Midwest"
"676",0.56,15029,"Midwest"
"677",0.25999999,7265,"Midwest"
"678",0.23999999,6013,"Midwest"
"679",0.16,19022,"Midwest"
"680",0.23,22675,"Midwest"
"681",0.34,2399964,"Midwest"
"682",0.74000001,9643,"Midwest"
"683",0.23,5501,"Midwest"
"684",0.19,50892,"Midwest"
"685",0.25999999,9213,"Midwest"
"686",0.47999999,7800,"Midwest"
"687",0.23999999,468911,"Midwest"
"688",0.54000002,8246,"Midwest"
"689",0.23,2821,"Midwest"
"690",0.13,17314,"Midwest"
"691",0.18000001,9739,"Midwest"
"692",0.19,6264,"Midwest"
"693",0.22,15558,"Midwest"
"694",0.25,15280,"Midwest"
"695",0.38999999,2314,"Midwest"
"696",0.23999999,5939,"Midwest"
"697",0.22,22817,"Midwest"
"698",0.34999999,3613,"Midwest"
"699",0.19,8510,"Midwest"
"700",0.22,1554,"Midwest"
"701",0.2,3435,"Midwest"
"702",0.33000001,24229,"Midwest"
"703",0.36000001,14016,"Midwest"
"704",0.19,26924,"Midwest"
"705",0.47,4564,"Midwest"
"706",0.18000001,16253,"Midwest"
"707",0.25999999,10375,"Midwest"
"708",0.25,10988,"Midwest"
"709",0.40000001,3808,"Midwest"
"710",0.19,243688,"Midwest"
"711",0.50999999,50756,"Midwest"
"712",0.41,58232,"Midwest"
"713",0.46000001,22379,"Midwest"
"714",0.44999999,338546,"Midwest"
"715",0.40000001,5822,"Midwest"
"716",0.56999999,53583,"Midwest"
"717",0.20999999,16729,"Midwest"
"718",0.36000001,16812,"Midwest"
"719",0.27000001,12528,"Midwest"
"720",0.27000001,13871,"Midwest"
"721",0.38999999,21790,"Midwest"
"722",0.30000001,123766,"Midwest"
"723",0.38999999,16850,"Midwest"
"724",0.25,5709,"Midwest"
"725",0.30000001,6313,"Midwest"
"726",0.31,5945,"Midwest"
"727",0.23,6519,"Midwest"
"728",0.41,152154,"Midwest"
"729",0.43000001,88493,"Midwest"
"730",0.44999999,48907,"Midwest"
"731",0.28,7972,"Midwest"
"732",0.36000001,16739,"Midwest"
"733",0.28999999,11722,"Midwest"
"734",0.27000001,16420,"Midwest"
"735",0.31999999,6865,"Midwest"
"736",0.23999999,23974,"Midwest"
"737",0.34,88198,"Midwest"
"738",0.47999999,8255,"Midwest"
"739",0.25,7974,"Midwest"
"740",0.30000001,7212,"Midwest"
"741",0.19,1731,"Midwest"
"742",0.18000001,2107,"Midwest"
"743",0.33000001,2845,"Midwest"
"744",0.37,13394,"Midwest"
"745",0.23999999,6946,"Midwest"
"746",0.20999999,69329,"Midwest"
"747",0.50999999,117987,"Midwest"
"748",0.23,99619,"Midwest"
"749",0.41999999,3344,"Midwest"
"750",0.28,2477,"Midwest"
"751",0.2,9869,"Midwest"
"752",0.20999999,2760,"Midwest"
"753",0.5,10597,"Midwest"
"754",0.28,21405,"Midwest"
"755",0.38999999,66183,"Midwest"
"756",0.31999999,6756,"Midwest"
"757",0.28,33612,"Midwest"
"758",0.33000001,5317,"Midwest"
"759",0.20999999,8302,"Midwest"
"760",0.38999999,8573,"Midwest"
"761",0.2,7418,"Midwest"
"762",0.13,6731,"Midwest"
"763",0.19,26916,"Midwest"
"764",0.44,321578,"Midwest"
"765",0.5,29119,"Midwest"
"766",0.27000001,130814,"Midwest"
"767",0.47,19291,"Midwest"
"768",0.25999999,14773,"Midwest"
"769",0.20999999,159335,"Midwest"
"770",0.38,38784,"Midwest"
"771",0.30000001,4213,"Midwest"
"772",0.23999999,4839,"Midwest"
"773",0.25999999,28404,"Midwest"
"774",0.31999999,6740,"Midwest"
"775",0.31999999,9256,"Midwest"
"776",0.22,16258,"Midwest"
"777",0.27000001,51099,"Midwest"
"778",0.37,11551,"Midwest"
"779",0.2,15248,"Midwest"
"780",0.23999999,4284,"Midwest"
"781",0.28999999,13908,"Midwest"
"782",0.17,22768,"Midwest"
"783",0.23,49784,"Midwest"
"784",0.2,12488,"Midwest"
"785",0.19,18863,"Midwest"
"786",0.40000001,20363,"Midwest"
"787",0.27000001,88243,"Midwest"
"788",0.31999999,8148,"Midwest"
"789",0.23999999,35114,"Midwest"
"790",0.37,7826,"Midwest"
"791",0.2,9558,"Midwest"
"792",0.18000001,9243,"Midwest"
"793",0.23,16214,"Midwest"
"794",0.23999999,29205,"Midwest"
"795",0.28,12374,"Midwest"
"796",0.20999999,143171,"Midwest"
"797",0.37,33125,"Midwest"
"798",0.25,17133,"Midwest"
"799",0.25999999,72068,"Midwest"
"800",0.30000001,19028,"Midwest"
"801",0.25999999,32676,"Midwest"
"802",0.31,16959,"Midwest"
"803",0.22,18967,"Midwest"
"804",0.22,14679,"Midwest"
"805",0.25,9290,"Midwest"
"806",0.23999999,13937,"Midwest"
"807",0.31999999,11767,"Midwest"
"808",0.20999999,67529,"Midwest"
"809",0.25999999,17391,"Midwest"
"810",0.23999999,35778,"Midwest"
"811",0.2,15800,"Midwest"
"812",0.22,208109,"Midwest"
"813",0.44,18311,"Midwest"
"814",0.57999998,44874,"Midwest"
"815",0.22,52230,"Midwest"
"816",0.34999999,416320,"Midwest"
"817",0.58999997,21085,"Midwest"
"818",0.27000001,4720,"Midwest"
"819",0.18000001,14121,"Midwest"
"820",0.20999999,61935,"Midwest"
"821",0.58999997,17081,"Midwest"
"822",0.22,31787,"Midwest"
"823",0.19,6260,"Midwest"
"824",0.23999999,20683,"Midwest"
"825",0.23,2900,"Midwest"
"826",0.23999999,7835,"Midwest"
"827",0.25,8767,"Midwest"
"828",0.23,6278,"Midwest"
"829",0.22,8133,"Midwest"
"830",0.38,5682,"Midwest"
"831",0.22,76144,"Midwest"
"832",0.44,12306,"Midwest"
"833",0.28,5812,"Midwest"
"834",0.23999999,14729,"Midwest"
"835",0.23,11548,"Midwest"
"836",0.23,12609,"Midwest"
"837",0.19,7669,"Midwest"
"838",0.20999999,115754,"Midwest"
"839",0.28999999,20464,"Midwest"
"840",0.23999999,10018,"Midwest"
"841",0.28999999,9041,"Midwest"
"842",0.47999999,9138,"Midwest"
"843",0.27000001,17545,"Midwest"
"844",0.25999999,7986,"Midwest"
"845",0.25,4515,"Midwest"
"846",0.25999999,82341,"Midwest"
"847",0.44,7391,"Midwest"
"848",0.20999999,3272,"Midwest"
"849",0.22,84833,"Midwest"
"850",0.38999999,6621,"Midwest"
"851",0.30000001,45185,"Midwest"
"852",0.40000001,14369,"Midwest"
"853",0.22,3890,"Midwest"
"854",0.20999999,28734,"Midwest"
"855",0.31,11936,"Midwest"
"856",0.23,27670,"Midwest"
"857",0.33000001,12735,"Midwest"
"858",0.2,12019,"Midwest"
"859",0.25999999,15566,"Midwest"
"860",0.22,3861,"Midwest"
"861",0.25999999,4015,"Midwest"
"862",0.2,7220,"Midwest"
"863",0.30000001,2621,"Midwest"
"864",0.13,14272,"Midwest"
"865",0.18000001,6192,"Midwest"
"866",0.22,4950,"Midwest"
"867",0.20999999,29966,"Midwest"
"868",0.23999999,1254,"Midwest"
"869",0.23,1582,"Midwest"
"870",0.13,9733,"Midwest"
"871",0.23,1281,"Midwest"
"872",0.13,1157,"Midwest"
"873",0.12,4023,"Midwest"
"874",0.18000001,4340,"Midwest"
"875",0.19,4198,"Midwest"
"876",0.18000001,959,"Midwest"
"877",0.12,16133,"Midwest"
"878",0.28,17983,"Midwest"
"879",0.34999999,1337,"Midwest"
"880",0.12,9440,"Midwest"
"881",0.2,4113,"Midwest"
"882",0.17,60164,"Midwest"
"883",0.62,1574,"Midwest"
"884",0.16,1254,"Midwest"
"885",0.13,17382,"Midwest"
"886",0.23,3361,"Midwest"
"887",0.2,19231,"Midwest"
"888",0.31,18074,"Midwest"
"889",0.27000001,12945,"Midwest"
"890",0.27000001,11683,"Midwest"
"891",0.36000001,1466,"Midwest"
"892",0.11,1337,"Midwest"
"893",0.15000001,3828,"Midwest"
"894",0.18000001,3447,"Midwest"
"895",0.13,856,"Midwest"
"896",0.13,3230,"Midwest"
"897",0.17,1774,"Midwest"
"898",0.13,2969,"Midwest"
"899",0.15000001,16293,"Midwest"
"900",0.34,2376,"Midwest"
"901",0.18000001,1072,"Midwest"
"902",0.12,6924,"Midwest"
"903",0.25999999,9608,"Midwest"
"904",0.30000001,1385,"Midwest"
"905",0.12,295666,"Midwest"
"906",0.44999999,2081,"Midwest"
"907",0.17,3532,"Midwest"
"908",0.18000001,1352,"Midwest"
"909",0.11,9847,"Midwest"
"910",0.28,857,"Midwest"
"911",0.13,32202,"Midwest"
"912",0.34,1755,"Midwest"
"913",0.15000001,3944,"Midwest"
"914",0.17,1699,"Midwest"
"915",0.11,16208,"Midwest"
"916",0.38,15950,"Midwest"
"917",0.22,5823,"Midwest"
"918",0.23,2385,"Midwest"
"919",0.25999999,6012,"Midwest"
"920",0.12,15676,"Midwest"
"921",0.27000001,3748,"Midwest"
"922",0.17,16964,"Midwest"
"923",0.22,3004,"Midwest"
"924",0.23,1592,"Midwest"
"925",0.13,5773,"Midwest"
"926",0.14,6281,"Midwest"
"927",0.23999999,1571,"Midwest"
"928",0.11,3043,"Midwest"
"929",0.13,7729,"Midwest"
"930",0.25,2077,"Midwest"
"931",0.13,3042,"Midwest"
"932",0.15000001,3277,"Midwest"
"933",0.22,2873,"Midwest"
"934",0.11,11025,"Midwest"
"935",0.20999999,5185,"Midwest"
"936",0.2,1524,"Midwest"
"937",0.11,30283,"Midwest"
"938",0.28,2508,"Midwest"
"939",0.15000001,5156,"Midwest"
"940",0.19,34626,"Midwest"
"941",0.43000001,2636,"Midwest"
"942",0.11,1801,"Midwest"
"943",0.15000001,3648,"Midwest"
"944",0.14,28906,"Midwest"
"945",0.28999999,2687,"Midwest"
"946",0.11,229489,"Midwest"
"947",0.37,10371,"Midwest"
"948",0.31,86187,"Midwest"
"949",0.44999999,1501,"Midwest"
"950",0.090000004,3090,"Midwest"
"951",0.13,2126,"Midwest"
"952",0.15000001,2112,"Midwest"
"953",0.16,1010,"Midwest"
"954",0.18000001,2781,"Midwest"
"955",0.12,10565,"Midwest"
"956",0.20999999,4380,"Midwest"
"957",0.13,1442,"Midwest"
"958",0.13,3577,"Midwest"
"959",0.23,834,"Midwest"
"960",0.059999999,3110,"Midwest"
"961",0.14,1260,"Midwest"
"962",0.15000001,3768,"Midwest"
"963",0.16,1540,"Midwest"
"964",0.19,68023,"Midwest"
"965",0.62,7082,"Midwest"
"966",0.16,8302,"South"
"967",0.17,10743,"South"
"968",0.23,3527,"South"
"969",0.2,18272,"South"
"970",0.23,4382,"South"
"971",0.30000001,9042,"South"
"972",0.18000001,60920,"South"
"973",0.25999999,9131,"South"
"974",0.31999999,18209,"South"
"975",0.28999999,11899,"South"
"976",0.33000001,3576,"South"
"977",0.2,3881,"South"
"978",0.27000001,7481,"South"
"979",0.22,36097,"South"
"980",0.23,4925,"South"
"981",0.17,5205,"South"
"982",0.20999999,17012,"South"
"983",0.30000001,45434,"South"
"984",0.34999999,2154,"South"
"985",0.17,4547,"South"
"986",0.28999999,10056,"South"
"987",0.22,6287,"South"
"988",0.12,24247,"South"
"989",0.33000001,15997,"South"
"990",0.28999999,5122,"South"
"991",0.11,3788,"South"
"992",0.12,3838,"South"
"993",0.15000001,2782,"South"
"994",0.15000001,44879,"South"
"995",0.31,4532,"South"
"996",0.19,1973,"South"
"997",0.25999999,5057,"South"
"998",0.2,156568,"South"
"999",0.50999999,5891,"South"
"1000",0.22,12143,"South"
"1001",0.23999999,22913,"South"
"1002",0.44999999,2202,"South"
"1003",0.33000001,3576,"South"
"1004",0.22,7097,"South"
"1005",0.19,10461,"South"
"1006",0.2,15292,"South"
"1007",0.2,10149,"South"
"1008",0.19,5000,"South"
"1009",0.16,13552,"South"
"1010",0.25,3853,"South"
"1011",0.28999999,43679,"South"
"1012",0.31999999,8527,"South"
"1013",0.13,8198,"South"
"1014",0.25999999,7464,"South"
"1015",0.23999999,20930,"South"
"1016",0.34,7138,"South"
"1017",0.25999999,1990,"South"
"1018",0.20999999,19916,"South"
"1019",0.20999999,4568,"South"
"1020",0.090000004,352211,"South"
"1021",0.54000002,23150,"South"
"1022",0.25999999,7724,"South"
"1023",0.13,78145,"South"
"1024",0.34,5024,"South"
"1025",0.22,9200,"South"
"1026",0.15000001,5439,"South"
"1027",0.2,22360,"South"
"1028",0.14,5039,"South"
"1029",0.17,2123,"South"
"1030",0.17,3081,"South"
"1031",0.090000004,7424,"South"
"1032",0.17,4755,"South"
"1033",0.15000001,9061,"South"
"1034",0.2,3588,"South"
"1035",0.19,11271,"South"
"1036",0.25,2817,"South"
"1037",0.25999999,28449,"South"
"1038",0.31999999,3343,"South"
"1039",0.23,8363,"South"
"1040",0.33000001,14124,"South"
"1041",0.22,3424,"South"
"1042",0.090000004,6900,"South"
"1043",0.27000001,11397,"South"
"1044",0.28999999,4753,"South"
"1045",0.12,4212,"South"
"1046",0.22,41614,"South"
"1047",0.25,2249,"South"
"1048",0.25,9400,"South"
"1049",0.23,4074,"South"
"1050",0.20999999,4453,"South"
"1051",0.12,11236,"South"
"1052",0.28,4666,"South"
"1053",0.20999999,11197,"South"
"1054",0.25,20085,"South"
"1055",0.31,3243,"South"
"1056",0.28,9481,"South"
"1057",0.2,28043,"South"
"1058",0.31,5373,"South"
"1059",0.20999999,1157,"South"
"1060",0.15000001,6439,"South"
"1061",0.19,9581,"South"
"1062",0.2,21854,"South"
"1063",0.17,4516,"South"
"1064",0.25999999,24724,"South"
"1065",0.15000001,762,"South"
"1066",0.22,6457,"South"
"1067",0.14,10257,"South"
"1068",0.37,6477,"South"
"1069",0.13,24122,"South"
"1070",0.31999999,20886,"South"
"1071",0.31,8199,"South"
"1072",0.28,8611,"South"
"1073",0.2,10564,"South"
"1074",0.23,5242,"South"
"1075",0.22,5469,"South"
"1076",0.23999999,3628,"South"
"1077",0.23,6475,"South"
"1078",0.20999999,55791,"South"
"1079",0.34999999,5746,"South"
"1080",0.25,6729,"South"
"1081",0.18000001,5808,"South"
"1082",0.20999999,12399,"South"
"1083",0.15000001,1803,"South"
"1084",0.28999999,13368,"South"
"1085",0.37,24567,"South"
"1086",0.20999999,8371,"South"
"1087",0.23,51495,"South"
"1088",0.30000001,8986,"South"
"1089",0.36000001,15128,"South"
"1090",0.30000001,13326,"South"
"1091",0.16,5417,"South"
"1092",0.44999999,53999,"South"
"1093",0.25,104773,"South"
"1094",0.50999999,81828,"South"
"1095",0.31,3652,"South"
"1096",0.17,3056,"South"
"1097",0.090000004,3567,"South"
"1098",0.27000001,6497,"South"
"1099",0.41999999,7136,"South"
"1100",0.37,10187,"South"
"1101",0.38,207257,"South"
"1102",0.51999998,1751,"South"
"1103",0.63,7360,"South"
"1104",0.41999999,11880,"South"
"1105",0.28,6896,"South"
"1106",0.27000001,7573,"South"
"1107",0.13,30052,"South"
"1108",0.33000001,12587,"South"
"1109",0.51999998,6365,"South"
"1110",0.28999999,197992,"South"
"1111",0.22,110718,"South"
"1112",0.41,12130,"South"
"1113",0.31,43021,"South"
"1114",0.2,6395,"South"
"1115",0.38,58159,"South"
"1116",0.12,3421,"South"
"1117",0.57999998,9777,"South"
"1118",0.43000001,14599,"South"
"1119",0.43000001,155467,"South"
"1120",0.81,65254,"South"
"1121",0.36000001,9524,"South"
"1122",0.31999999,9073,"South"
"1123",0.41,53199,"South"
"1124",0.31999999,3657,"South"
"1125",0.44,7822,"South"
"1126",0.33000001,8571,"South"
"1127",0.17,16233,"South"
"1128",0.31,23091,"South"
"1129",0.33000001,4045,"South"
"1130",0.56,8683,"South"
"1131",0.52999997,18609,"South"
"1132",0.61000001,30622,"South"
"1133",0.43000001,22713,"South"
"1134",0.31999999,23507,"South"
"1135",0.34999999,102318,"South"
"1136",0.22,48499,"South"
"1137",0.31999999,1618,"South"
"1138",0.51999998,48299,"South"
"1139",0.23999999,8456,"South"
"1140",0.25,24323,"South"
"1141",0.19,17318,"South"
"1142",0.16,15024,"South"
"1143",0.31,14534,"South"
"1144",0.34999999,11087,"South"
"1145",0.41999999,3594,"South"
"1146",0.15000001,4819,"South"
"1147",0.38999999,5204,"South"
"1148",0.25999999,52032,"South"
"1149",0.54000002,61753,"Northeast"
"1150",0.67000002,260362,"Northeast"
"1151",0.51999998,8481,"Northeast"
"1152",0.73000002,367647,"Northeast"
"1153",0.57999998,37239,"Northeast"
"1154",0.63999999,199861,"Northeast"
"1155",0.55000001,80356,"Northeast"
"1156",0.66000003,787139,"Northeast"
"1157",0.66000003,5880,"Northeast"
"1158",0.64999998,338135,"Northeast"
"1159",0.61000001,242478,"Northeast"
"1160",0.50999999,375691,"Northeast"
"1161",0.79000002,387645,"Northeast"
"1162",0.51999998,3248,"Northeast"
"1163",0.23999999,276191,"South"
"1164",0.47999999,408080,"South"
"1165",0.56999999,44736,"South"
"1166",0.85000002,101394,"South"
"1167",0.38,16255,"South"
"1168",0.28,87796,"South"
"1169",0.28999999,47582,"South"
"1170",0.30000001,74284,"South"
"1171",0.63999999,14428,"South"
"1172",0.41,120812,"South"
"1173",0.44999999,14524,"South"
"1174",0.17,126201,"South"
"1175",0.34999999,159852,"South"
"1176",0.63999999,9823,"South"
"1177",0.46000001,512679,"South"
"1178",0.75999999,449877,"South"
"1179",0.88999999,25053,"South"
"1180",0.30000001,51126,"South"
"1181",0.40000001,18024,"South"
"1182",0.34999999,8654,"South"
"1183",0.41999999,71152,"South"
"1184",0.31999999,45796,"South"
"1185",0.41999999,22774,"South"
"1186",0.34,267128,"South"
"1187",0.41999999,31014,"Northeast"
"1188",0.38,150267,"Northeast"
"1189",0.60000002,14197,"Northeast"
"1190",0.43000001,27361,"Northeast"
"1191",0.5,58646,"Northeast"
"1192",0.44,19183,"Northeast"
"1193",0.54000002,15999,"Northeast"
"1194",0.47999999,25216,"Northeast"
"1195",0.38999999,73727,"Northeast"
"1196",0.41,7142,"Northeast"
"1197",0.34,17944,"Northeast"
"1198",0.49000001,22164,"Northeast"
"1199",0.34999999,18972,"Northeast"
"1200",0.46000001,13255,"Northeast"
"1201",0.38,103137,"Northeast"
"1202",0.49000001,30844,"Northeast"
"1203",0.28,3032,"Midwest"
"1204",0.37,52607,"Midwest"
"1205",0.33000001,12113,"Midwest"
"1206",0.33000001,8869,"Midwest"
"1207",0.33000001,5707,"Midwest"
"1208",0.30000001,3043,"Midwest"
"1209",0.33000001,27033,"Midwest"
"1210",0.30000001,48345,"Midwest"
"1211",0.41,7649,"Midwest"
"1212",0.40000001,66823,"Midwest"
"1213",0.41,17032,"Midwest"
"1214",0.28999999,57151,"Midwest"
"1215",0.41,21795,"Midwest"
"1216",0.31,11543,"Midwest"
"1217",0.34999999,9277,"Midwest"
"1218",0.31999999,15423,"Midwest"
"1219",0.34999999,10570,"Midwest"
"1220",0.31999999,36239,"Midwest"
"1221",0.41,4748,"Midwest"
"1222",0.31,15815,"Midwest"
"1223",0.34999999,11593,"Midwest"
"1224",0.30000001,51201,"Midwest"
"1225",0.44,15704,"Midwest"
"1226",0.37,163453,"Midwest"
"1227",0.51999998,8772,"Midwest"
"1228",0.30000001,6047,"Midwest"
"1229",0.40000001,42630,"Midwest"
"1230",0.41,16945,"Midwest"
"1231",0.34,18631,"Midwest"
"1232",0.23999999,15427,"Midwest"
"1233",0.38999999,15104,"Midwest"
"1234",0.28999999,132267,"Midwest"
"1235",0.61000001,26253,"Midwest"
"1236",0.31,9031,"Midwest"
"1237",0.33000001,4605,"Midwest"
"1238",0.34,32213,"Midwest"
"1239",0.44999999,65609,"Midwest"
"1240",0.37,115838,"Midwest"
"1241",0.52999997,6604,"Midwest"
"1242",0.25999999,298629,"Midwest"
"1243",0.44999999,861,"Midwest"
"1244",0.37,3191,"Midwest"
"1245",0.36000001,34974,"Midwest"
"1246",0.28,9369,"Midwest"
"1247",0.46000001,43626,"Midwest"
"1248",0.36000001,85510,"Midwest"
"1249",0.33000001,2112,"Midwest"
"1250",0.25999999,4572,"Midwest"
"1251",0.34,370004,"Midwest"
"1252",0.41999999,9382,"Midwest"
"1253",0.40000001,31314,"Midwest"
"1254",0.49000001,12983,"Midwest"
"1255",0.36000001,16957,"Midwest"
"1256",0.34,10835,"Midwest"
"1257",0.33000001,37597,"Midwest"
"1258",0.37,6257,"Midwest"
"1259",0.20999999,68065,"Midwest"
"1260",0.36000001,24531,"Midwest"
"1261",0.30000001,2715,"Midwest"
"1262",0.25999999,68196,"Midwest"
"1263",0.47999999,20041,"Midwest"
"1264",0.27000001,563502,"Midwest"
"1265",0.51999998,11229,"Midwest"
"1266",0.33000001,7658,"Midwest"
"1267",0.28999999,2239,"Midwest"
"1268",0.34,8996,"Midwest"
"1269",0.25999999,2524,"Midwest"
"1270",0.25999999,10013,"Midwest"
"1271",0.28,132555,"Midwest"
"1272",0.31999999,4745,"Midwest"
"1273",0.33000001,7028,"Midwest"
"1274",0.33000001,80771,"Midwest"
"1275",0.47,64841,"Midwest"
"1276",0.25,3098,"Midwest"
"1277",0.33000001,30057,"Midwest"
"1278",0.37,22131,"Midwest"
"1279",0.31,25049,"Midwest"
"1280",0.31999999,17315,"Midwest"
"1281",0.28999999,31571,"Midwest"
"1282",0.40000001,171208,"Midwest"
"1283",0.68000001,679096,"Midwest"
"1284",0.67000002,12907,"Midwest"
"1285",0.28999999,6373,"Midwest"
"1286",0.34,176987,"Midwest"
"1287",0.41,16909,"Midwest"
"1288",0.30000001,21337,"Midwest"
"1289",0.41,19930,"Midwest"
"1290",0.28,2693,"Midwest"
"1291",0.34,36637,"Midwest"
"1292",0.43000001,14043,"Midwest"
"1293",0.28,16342,"Midwest"
"1294",0.47,50112,"Midwest"
"1295",0.38999999,12678,"Midwest"
"1296",0.31,6714,"Midwest"
"1297",0.31999999,26799,"Midwest"
"1298",0.31,33466,"Midwest"
"1299",0.44999999,3961,"Midwest"
"1300",0.25999999,2870,"Midwest"
"1301",0.56999999,5585,"Midwest"
"1302",0.28999999,28662,"Midwest"
"1303",0.31,217062,"Midwest"
"1304",0.47999999,10815,"Midwest"
"1305",0.28999999,18894,"Midwest"
"1306",0.28999999,7349,"Midwest"
"1307",0.28999999,10696,"Midwest"
"1308",0.34999999,15775,"Midwest"
"1309",0.38,25442,"Midwest"
"1310",0.37,3146,"Midwest"
"1311",0.31999999,628011,"Midwest"
"1312",0.63999999,10000,"Midwest"
"1313",0.38999999,8811,"Midwest"
"1314",0.30000001,19010,"Midwest"
"1315",0.27000001,20591,"Midwest"
"1316",0.38,5949,"Midwest"
"1317",0.27000001,7981,"Midwest"
"1318",0.28999999,22363,"Midwest"
"1319",0.34,2424,"Midwest"
"1320",0.34999999,6194,"Midwest"
"1321",0.37,3678,"Midwest"
"1322",0.34,5502,"Midwest"
"1323",0.47999999,2214,"Midwest"
"1324",0.25,14544,"Midwest"
"1325",0.31,3274,"Midwest"
"1326",0.28999999,14620,"Midwest"
"1327",0.31999999,18660,"Midwest"
"1328",0.44999999,5329,"Midwest"
"1329",0.25999999,10307,"Midwest"
"1330",0.25999999,11948,"Midwest"
"1331",0.27000001,2316,"Midwest"
"1332",0.25999999,11684,"Midwest"
"1333",0.28999999,16742,"Midwest"
"1334",0.20999999,19715,"Midwest"
"1335",0.41999999,4756,"Midwest"
"1336",0.28,18920,"Midwest"
"1337",0.44,10845,"Midwest"
"1338",0.31999999,3328,"Midwest"
"1339",0.38999999,79233,"Midwest"
"1340",0.46000001,29193,"Midwest"
"1341",0.28999999,8057,"Midwest"
"1342",0.31999999,13821,"Midwest"
"1343",0.33000001,4682,"Midwest"
"1344",0.23999999,16489,"Midwest"
"1345",0.31999999,5692,"Midwest"
"1346",0.33000001,258371,"Midwest"
"1347",0.66000003,2180,"Midwest"
"1348",0.28999999,7785,"Midwest"
"1349",0.25,7889,"Midwest"
"1350",0.28,32978,"Midwest"
"1351",0.44999999,5364,"Midwest"
"1352",0.28999999,8169,"Midwest"
"1353",0.23999999,95374,"Midwest"
"1354",0.38,45808,"Midwest"
"1355",0.28,7949,"Midwest"
"1356",0.25,81965,"Midwest"
"1357",0.51999998,72335,"Midwest"
"1358",0.31999999,20488,"Midwest"
"1359",0.33000001,5392,"Midwest"
"1360",0.40000001,4792,"Midwest"
"1361",0.34,12330,"Midwest"
"1362",0.23,1693,"Midwest"
"1363",0.34999999,11389,"Midwest"
"1364",0.33000001,5769,"Midwest"
"1365",0.23999999,9667,"Midwest"
"1366",0.30000001,127359,"Midwest"
"1367",0.47,5958,"Midwest"
"1368",0.36000001,3618,"Midwest"
"1369",0.27000001,28485,"Midwest"
"1370",0.44,66460,"Midwest"
"1371",0.28999999,5417,"Midwest"
"1372",0.28999999,11148,"Midwest"
"1373",0.34,9347,"Midwest"
"1374",0.22,2687,"Midwest"
"1375",0.2,10582,"Midwest"
"1376",0.25999999,14013,"Midwest"
"1377",0.19,5116,"Midwest"
"1378",0.13,7486,"Midwest"
"1379",0.2,6478,"Midwest"
"1380",0.20999999,5305,"Midwest"
"1381",0.12,91778,"Midwest"
"1382",0.49000001,43667,"Midwest"
"1383",0.34,17102,"Midwest"
"1384",0.18000001,4080,"Midwest"
"1385",0.19,20415,"Midwest"
"1386",0.25999999,17098,"Midwest"
"1387",0.20999999,38433,"Midwest"
"1388",0.23,4202,"Midwest"
"1389",0.17,2299,"Midwest"
"1390",0.15000001,49145,"Midwest"
"1391",0.28999999,5351,"Midwest"
"1392",0.16,3757,"Midwest"
"1393",0.22,38317,"Midwest"
"1394",0.20999999,3065,"Midwest"
"1395",0.22,118428,"Midwest"
"1396",0.41,10061,"Midwest"
"1397",0.25,37723,"Midwest"
"1398",0.28999999,7232,"Midwest"
"1399",0.23999999,9763,"Midwest"
"1400",0.18000001,3105,"Midwest"
"1401",0.16,6442,"Midwest"
"1402",0.17,3773,"Midwest"
"1403",0.2,4739,"Midwest"
"1404",0.18000001,5502,"Midwest"
"1405",0.14,4630,"Midwest"
"1406",0.15000001,10896,"Midwest"
"1407",0.22,47763,"Midwest"
"1408",0.25,6987,"Midwest"
"1409",0.2,3391,"Midwest"
"1410",0.2,135062,"Midwest"
"1411",0.33000001,4614,"Midwest"
"1412",0.18000001,3670,"Midwest"
"1413",0.16,9054,"Midwest"
"1414",0.23999999,3178,"Midwest"
"1415",0.22,2544,"Midwest"
"1416",0.15000001,4501,"Midwest"
"1417",0.25999999,15156,"Midwest"
"1418",0.17,3310,"Midwest"
"1419",0.22,327122,"Midwest"
"1420",0.56,54640,"Midwest"
"1421",0.22,106654,"Midwest"
"1422",0.30000001,21242,"Midwest"
"1423",0.28,1854,"Midwest"
"1424",0.2,14287,"Midwest"
"1425",0.16,15973,"Midwest"
"1426",0.25999999,16136,"Midwest"
"1427",0.17,4866,"Midwest"
"1428",0.20999999,24090,"Midwest"
"1429",0.22,4685,"Midwest"
"1430",0.22,6758,"Midwest"
"1431",0.2,9476,"Midwest"
"1432",0.2,4919,"Midwest"
"1433",0.19,3840,"Midwest"
"1434",0.18000001,13566,"Midwest"
"1435",0.23,1734,"Midwest"
"1436",0.16,6981,"Midwest"
"1437",0.12,10312,"Midwest"
"1438",0.15000001,5649,"Midwest"
"1439",0.28,6819,"Midwest"
"1440",0.18000001,3737,"Midwest"
"1441",0.20999999,5333,"Midwest"
"1442",0.20999999,7011,"Midwest"
"1443",0.2,7455,"Midwest"
"1444",0.25999999,27500,"Midwest"
"1445",0.19,11041,"Midwest"
"1446",0.27000001,3721,"Midwest"
"1447",0.19,6942,"Midwest"
"1448",0.14,3219,"Midwest"
"1449",0.16,6405,"Midwest"
"1450",0.31999999,9464,"Midwest"
"1451",0.17,18524,"Midwest"
"1452",0.23999999,18226,"Midwest"
"1453",0.25999999,7554,"Midwest"
"1454",0.23999999,49442,"Midwest"
"1455",0.41,12955,"Midwest"
"1456",0.19,14543,"Midwest"
"1457",0.22,2206,"Midwest"
"1458",0.15000001,5254,"Midwest"
"1459",0.22,9712,"Midwest"
"1460",0.22,10349,"Midwest"
"1461",0.28999999,2014,"Midwest"
"1462",0.18000001,4920,"Midwest"
"1463",0.15000001,193572,"Midwest"
"1464",0.30000001,1746,"Midwest"
"1465",0.18000001,2222,"Midwest"
"1466",0.19,18414,"Midwest"
"1467",0.20999999,2717,"Midwest"
"1468",0.2,2928,"Midwest"
"1469",0.19,12279,"Midwest"
"1470",0.34,3596,"Midwest"
"1471",0.2,8348,"Midwest"
"1472",0.25,491780,"Midwest"
"1473",0.56,10269,"Midwest"
"1474",0.80000001,4642,"Midwest"
"1475",0.30000001,23618,"Midwest"
"1476",0.14,12124,"Midwest"
"1477",0.17,2582,"Midwest"
"1478",0.20999999,22527,"Midwest"
"1479",0.19,8830,"Midwest"
"1480",0.16,9030,"Midwest"
"1481",0.2,15627,"Midwest"
"1482",0.25,8895,"Midwest"
"1483",0.20999999,4832,"Midwest"
"1484",0.16,14764,"Midwest"
"1485",0.19,1190,"Midwest"
"1486",0.19,6927,"Midwest"
"1487",0.14,146970,"Midwest"
"1488",0.56999999,14616,"South"
"1489",0.18000001,4287,"South"
"1490",0.38,6845,"South"
"1491",0.38999999,2943,"South"
"1492",0.43000001,12879,"South"
"1493",0.66000003,6189,"South"
"1494",0.30000001,3273,"South"
"1495",0.30000001,7178,"South"
"1496",0.46000001,3388,"South"
"1497",0.30000001,2988,"South"
"1498",0.85000002,6008,"South"
"1499",0.33000001,7384,"South"
"1500",0.56999999,8936,"South"
"1501",0.72000003,10568,"South"
"1502",0.51999998,7656,"South"
"1503",0.37,77785,"South"
"1504",0.31,31334,"South"
"1505",0.41,2772,"South"
"1506",0.34999999,7924,"South"
"1507",0.1,4058,"South"
"1508",0.18000001,8731,"South"
"1509",0.41999999,17952,"South"
"1510",0.19,81737,"South"
"1511",0.33000001,105606,"South"
"1512",0.70999998,5527,"South"
"1513",0.82999998,2568,"South"
"1514",0.74000001,388,"South"
"1515",0.56999999,9546,"South"
"1516",0.11,57290,"South"
"1517",0.28999999,6197,"South"
"1518",0.51999998,2081,"South"
"1519",0.86000001,3885,"South"
"1520",0.60000002,26576,"South"
"1521",0.27000001,3452,"South"
"1522",0.61000001,21563,"South"
"1523",0.41,26344,"South"
"1524",0.20999999,31466,"South"
"1525",0.38,4436,"South"
"1526",0.34,7633,"South"
"1527",0.41999999,37651,"South"
"1528",0.30000001,9642,"South"
"1529",0.69999999,13176,"South"
"1530",0.28999999,25020,"South"
"1531",0.46000001,47290,"South"
"1532",0.41,9281,"South"
"1533",0.31,13733,"South"
"1534",0.54000002,14365,"South"
"1535",0.34999999,4016,"South"
"1536",0.43000001,10687,"South"
"1537",0.25999999,8529,"South"
"1538",0.30000001,3661,"South"
"1539",0.77999997,20886,"South"
"1540",0.49000001,12578,"South"
"1541",0.49000001,21832,"South"
"1542",0.15000001,3929,"South"
"1543",0.22,13671,"South"
"1544",0.49000001,12987,"South"
"1545",0.18000001,10444,"South"
"1546",0.20999999,2559,"South"
"1547",0.69,68645,"South"
"1548",0.22,12103,"South"
"1549",0.41,1676,"South"
"1550",0.67000002,10361,"South"
"1551",0.34,6584,"South"
"1552",0.20999999,6007,"South"
"1553",0.22,8128,"South"
"1554",0.69999999,5127,"South"
"1555",0.56999999,11288,"South"
"1556",0.33000001,8132,"South"
"1557",0.2,7080,"South"
"1558",0.12,4299,"South"
"1559",0.74000001,12467,"South"
"1560",0.17,4951,"South"
"1561",0.41999999,21174,"South"
"1562",0.47,17128,"South"
"1563",0.68000001,7508,"South"
"1564",0.37,3848,"South"
"1565",0.2,2864,"South"
"1566",0.68000001,6841,"South"
"1567",0.43000001,4888,"South"
"1568",0.41999999,8744,"South"
"1569",0.52999997,9961,"South"
"1570",0.23999999,4861,"West"
"1571",0.5,2327,"West"
"1572",0.44999999,2294,"West"
"1573",0.18000001,5080,"West"
"1574",0.31,663,"West"
"1575",0.090000004,36241,"West"
"1576",0.36000001,2562,"West"
"1577",0.28,6303,"West"
"1578",0.23,910,"West"
"1579",0.18000001,4494,"West"
"1580",0.18000001,4900,"West"
"1581",0.49000001,1991,"West"
"1582",0.1,5541,"West"
"1583",0.20999999,39414,"West"
"1584",0.28999999,49799,"West"
"1585",0.46000001,744,"West"
"1586",0.050000001,5719,"West"
"1587",0.62,372,"West"
"1588",0.15000001,1353,"West"
"1589",0.27000001,7566,"West"
"1590",0.37,5291,"West"
"1591",0.30000001,939,"West"
"1592",0.2,11478,"West"
"1593",0.36000001,33221,"West"
"1594",0.43000001,992,"West"
"1595",0.22,7180,"West"
"1596",0.22,1056,"West"
"1597",0.25,879,"West"
"1598",0.15000001,3856,"West"
"1599",0.2,1574,"West"
"1600",0.25999999,55660,"West"
"1601",0.54000002,2286,"West"
"1602",0.14,7464,"West"
"1603",0.38999999,286,"West"
"1604",0.090000004,1936,"West"
"1605",0.15000001,2795,"West"
"1606",0.27000001,1037,"West"
"1607",0.12,2819,"West"
"1608",0.2,506,"West"
"1609",0.15000001,17288,"West"
"1610",0.28,6525,"West"
"1611",0.14,4503,"West"
"1612",0.43000001,4151,"West"
"1613",0.28999999,4243,"West"
"1614",0.20999999,1998,"West"
"1615",0.25999999,16168,"West"
"1616",0.52999997,4732,"West"
"1617",0.19,1679,"West"
"1618",0.19,2797,"West"
"1619",0.25999999,2394,"West"
"1620",0.2,360,"West"
"1621",0.13,3856,"West"
"1622",0.23,785,"West"
"1623",0.19,543,"West"
"1624",0.1,75058,"West"
"1625",0.33000001,16252,"West"
"1626",0.41999999,71357,"South"
"1627",0.20999999,15984,"South"
"1628",0.25,4124,"South"
"1629",0.56,9859,"South"
"1630",0.25999999,11814,"South"
"1631",0.20999999,6924,"South"
"1632",0.37,18825,"South"
"1633",0.62,7681,"South"
"1634",0.44999999,12622,"South"
"1635",0.34,42034,"South"
"1636",0.56,117529,"South"
"1637",0.28999999,36692,"South"
"1638",0.38999999,83122,"South"
"1639",0.23999999,32618,"South"
"1640",0.25999999,4170,"South"
"1641",0.27000001,28693,"South"
"1642",0.43000001,8906,"South"
"1643",0.30000001,68816,"South"
"1644",0.54000002,29146,"South"
"1645",0.2,10179,"South"
"1646",0.41999999,5265,"South"
"1647",0.23,3738,"South"
"1648",0.34,40710,"South"
"1649",0.38,20356,"South"
"1650",0.38,37910,"South"
"1651",0.56999999,118555,"South"
"1652",0.23,11397,"South"
"1653",0.37,18162,"South"
"1654",0.23999999,71903,"South"
"1655",0.23999999,18185,"South"
"1656",0.40000001,24018,"South"
"1657",0.79000002,137741,"South"
"1658",0.66000003,20874,"South"
"1659",0.54000002,160816,"South"
"1660",0.43000001,25440,"South"
"1661",0.33000001,90423,"South"
"1662",0.44999999,4947,"South"
"1663",0.19,2946,"South"
"1664",0.47999999,26045,"South"
"1665",0.44999999,8823,"South"
"1666",0.58999997,230461,"South"
"1667",0.63,19003,"South"
"1668",0.37,44459,"South"
"1669",0.34999999,25062,"South"
"1670",0.34999999,45044,"South"
"1671",0.68000001,8546,"South"
"1672",0.54000002,17718,"South"
"1673",0.41999999,1844,"South"
"1674",0.30000001,71379,"South"
"1675",0.41999999,16171,"South"
"1676",0.33000001,76499,"South"
"1677",0.41,4135,"South"
"1678",0.41999999,24023,"South"
"1679",0.46000001,25704,"South"
"1680",0.25,36096,"South"
"1681",0.28,13843,"South"
"1682",0.36000001,8581,"South"
"1683",0.49000001,9182,"South"
"1684",0.23999999,18395,"South"
"1685",0.63,481524,"South"
"1686",0.2,5847,"South"
"1687",0.36000001,10348,"South"
"1688",0.34,34217,"South"
"1689",0.49000001,40801,"South"
"1690",0.46000001,99464,"South"
"1691",0.63,7357,"South"
"1692",0.31,58514,"South"
"1693",0.74000001,67697,"South"
"1694",0.36000001,4888,"South"
"1695",0.5,16320,"South"
"1696",0.34,22288,"South"
"1697",0.34999999,4722,"South"
"1698",0.40000001,16370,"South"
"1699",0.51999998,79688,"South"
"1700",0.34999999,7647,"South"
"1701",0.20999999,61680,"South"
"1702",0.44,15777,"South"
"1703",0.47,45917,"South"
"1704",0.34,38191,"South"
"1705",0.30000001,56415,"South"
"1706",0.25,23277,"South"
"1707",0.41,26941,"South"
"1708",0.52999997,10345,"South"
"1709",0.23999999,25927,"South"
"1710",0.20999999,20312,"South"
"1711",0.23,30433,"South"
"1712",0.37,5565,"South"
"1713",0.37,12296,"South"
"1714",0.41,1368,"South"
"1715",0.33000001,96026,"South"
"1716",0.62,15991,"South"
"1717",0.57999998,466703,"South"
"1718",0.66000003,6641,"South"
"1719",0.56999999,4129,"South"
"1720",0.49000001,25066,"South"
"1721",0.43000001,50696,"South"
"1722",0.20999999,27416,"South"
"1723",0.51999998,33383,"South"
"1724",0.18000001,16317,"South"
"1725",0.31999999,7149,"South"
"1726",0.18000001,1080,"Midwest"
"1727",0.30000001,5556,"Midwest"
"1728",0.43000001,2581,"Midwest"
"1729",0.1,458,"Midwest"
"1730",0.13,1883,"Midwest"
"1731",0.11,1348,"Midwest"
"1732",0.23,45288,"Midwest"
"1733",0.40000001,86940,"Midwest"
"1734",0.23999999,2080,"Midwest"
"1735",0.23,2634,"Midwest"
"1736",0.2,1760,"Midwest"
"1737",0.16,3621,"Midwest"
"1738",0.28999999,1186,"Midwest"
"1739",0.11,1559,"Midwest"
"1740",0.2,1631,"Midwest"
"1741",0.11,957,"Midwest"
"1742",0.36000001,36039,"Midwest"
"1743",0.14,1259,"Midwest"
"1744",0.23999999,1191,"Midwest"
"1745",0.13,1415,"Midwest"
"1746",0.13,1199,"Midwest"
"1747",0.23999999,2220,"Midwest"
"1748",0.11,880,"Midwest"
"1749",0.18000001,3142,"Midwest"
"1750",0.16,1208,"Midwest"
"1751",0.15000001,6004,"Midwest"
"1752",0.20999999,4545,"Midwest"
"1753",0.13,3821,"Midwest"
"1754",0.2,14948,"Midwest"
"1755",0.30000001,7290,"Midwest"
"1756",0.31999999,1483,"Midwest"
"1757",0.12,831,"Midwest"
"1758",0.22,3470,"Midwest"
"1759",0.20999999,1794,"Midwest"
"1760",0.28999999,5586,"Midwest"
"1761",0.36000001,2715,"Midwest"
"1762",0.16,1412,"Midwest"
"1763",0.28,8251,"Midwest"
"1764",0.56999999,4493,"Midwest"
"1765",0.34999999,2090,"Midwest"
"1766",0.12,710,"Midwest"
"1767",0.63999999,1239,"Midwest"
"1768",0.1,518,"Midwest"
"1769",0.14,17927,"Midwest"
"1770",0.37,1021,"Midwest"
"1771",0.25,10066,"Midwest"
"1772",0.27000001,1217,"Midwest"
"1773",0.31999999,4388,"Midwest"
"1774",0.25999999,5389,"Midwest"
"1775",0.22,33051,"Midwest"
"1776",0.18000001,2139,"Midwest"
"1777",0.14,26791,"Midwest"
"1778",0.25,3466,"Midwest"
"1779",0.12,216,"Midwest"
"1780",0.059999999,418,"Midwest"
"1781",0.050000001,269,"Midwest"
"1782",0.1,2950,"Midwest"
"1783",0.14,5741,"Midwest"
"1784",0.2,1103,"Midwest"
"1785",0.11,1394,"Midwest"
"1786",0.1,26421,"Midwest"
"1787",0.23,3507,"Midwest"
"1788",0.25999999,4589,"Midwest"
"1789",0.18000001,12702,"Midwest"
"1790",0.27000001,4606,"Midwest"
"1791",0.13,2318,"Midwest"
"1792",0.090000004,3384,"Midwest"
"1793",0.1,5631,"Midwest"
"1794",0.15000001,3358,"Midwest"
"1795",0.16,5466,"Midwest"
"1796",0.27000001,4766,"Midwest"
"1797",0.18000001,5937,"Midwest"
"1798",0.12,10557,"Midwest"
"1799",0.40000001,5221,"Midwest"
"1800",0.22,12706,"Midwest"
"1801",0.25,1154,"Midwest"
"1802",0.12,3013,"Midwest"
"1803",0.2,18412,"Midwest"
"1804",0.30000001,273082,"Midwest"
"1805",0.47999999,1245,"Midwest"
"1806",0.090000004,3214,"Midwest"
"1807",0.20999999,1585,"Midwest"
"1808",0.15000001,1562,"Midwest"
"1809",0.12,2595,"Midwest"
"1810",0.13,10631,"Midwest"
"1811",0.30000001,1221,"Midwest"
"1812",0.14,1184,"Midwest"
"1813",0.13,1111,"Midwest"
"1814",0.17,425,"Midwest"
"1815",0.050000001,1253,"Midwest"
"1816",0.18000001,31377,"Midwest"
"1817",0.28999999,4685,"Midwest"
"1818",0.18000001,1818,"Midwest"
"1819",0.14,645,"Midwest"
"1820",0.059999999,1304,"Midwest"
"1821",0.11,5784,"Midwest"
"1822",0.1,419,"Midwest"
"1823",0.1,3301,"Midwest"
"1824",0.18000001,4161,"Midwest"
"1825",0.23999999,2099,"Midwest"
"1826",0.27000001,3823,"Midwest"
"1827",0.17,4494,"Midwest"
"1828",0.14,588,"Midwest"
"1829",0.079999998,2151,"Midwest"
"1830",0.14,4632,"Midwest"
"1831",0.18000001,161656,"Midwest"
"1832",0.47,18529,"Midwest"
"1833",0.18000001,490,"Midwest"
"1834",0.07,377,"Midwest"
"1835",0.13,348,"Midwest"
"1836",0.19,4079,"Midwest"
"1837",0.050000001,18512,"Midwest"
"1838",0.16,2618,"Midwest"
"1839",0.13,2030,"Midwest"
"1840",0.18000001,3700,"Midwest"
"1841",0.25,2392,"Midwest"
"1842",0.16,8133,"Midwest"
"1843",0.28,1587,"Midwest"
"1844",0.20999999,1782,"Midwest"
"1845",0.11,4900,"Midwest"
"1846",0.12,4059,"Midwest"
"1847",0.11,17397,"Midwest"
"1848",0.19,2903,"Midwest"
"1849",0.16,6154,"Midwest"
"1850",0.13,4184,"Midwest"
"1851",0.22,858,"Midwest"
"1852",0.090000004,7048,"Midwest"
"1853",0.34,84726,"Midwest"
"1854",0.36000001,10724,"Midwest"
"1855",0.23999999,18346,"Midwest"
"1856",0.23,8647,"Midwest"
"1857",0.23999999,2708,"Midwest"
"1858",0.11,1686,"Midwest"
"1859",0.22,812,"Midwest"
"1860",0.11,3549,"Midwest"
"1861",0.15000001,2918,"Midwest"
"1862",0.19,411,"Midwest"
"1863",0.079999998,2873,"Midwest"
"1864",0.44999999,2079,"Midwest"
"1865",0.16,10813,"Midwest"
"1866",0.25,5547,"Midwest"
"1867",0.22,1684,"Midwest"
"1868",0.18000001,505,"Midwest"
"1869",0.14,7324,"Midwest"
"1870",0.19,9881,"Midwest"
"1871",0.38999999,30320,"Northeast"
"1872",0.44999999,23373,"Northeast"
"1873",0.54000002,40456,"Northeast"
"1874",0.43000001,14898,"Northeast"
"1875",0.56999999,46528,"Northeast"
"1876",0.47,213783,"Northeast"
"1877",0.49000001,77118,"Northeast"
"1878",0.44999999,164615,"Northeast"
"1879",0.50999999,66239,"Northeast"
"1880",0.46000001,22961,"Northeast"
"1881",0.51999998,122809,"Northeast"
"1882",0.54000002,446643,"Northeast"
"1883",0.56,215650,"Northeast"
"1884",0.64999998,234424,"Northeast"
"1885",0.38999999,42048,"Northeast"
"1886",0.50999999,61685,"Northeast"
"1887",0.76999998,343178,"Northeast"
"1888",0.47999999,136665,"Northeast"
"1889",0.74000001,328038,"Northeast"
"1890",0.41,62970,"Northeast"
"1891",0.66000003,178253,"Northeast"
"1892",0.57999998,394154,"Northeast"
"1893",0.44,302437,"Northeast"
"1894",0.46000001,248680,"Northeast"
"1895",0.31999999,240035,"Northeast"
"1896",0.60000002,225504,"Northeast"
"1897",0.40000001,28333,"Northeast"
"1898",0.54000002,162978,"Northeast"
"1899",0.33000001,73994,"Northeast"
"1900",0.66000003,256612,"Northeast"
"1901",0.34999999,53465,"Northeast"
"1902",0.52999997,299695,"West"
"1903",0.20999999,1147,"West"
"1904",0.27000001,25222,"West"
"1905",0.47,8480,"West"
"1906",0.40000001,5632,"West"
"1907",0.25,20652,"West"
"1908",0.20999999,789,"West"
"1909",0.54000002,87084,"West"
"1910",0.25999999,25589,"West"
"1911",0.49000001,12197,"West"
"1912",0.52999997,1490,"West"
"1913",0.30000001,272,"West"
"1914",0.41999999,2186,"West"
"1915",0.22,27063,"West"
"1916",0.25999999,8362,"West"
"1917",0.51999998,8654,"West"
"1918",0.44,9200,"West"
"1919",0.63,22643,"West"
"1920",0.63,2063,"West"
"1921",0.31,23499,"West"
"1922",0.28999999,3133,"West"
"1923",0.64999998,15296,"West"
"1924",0.25,7879,"West"
"1925",0.28,51489,"West"
"1926",0.68000001,10116,"West"
"1927",0.44999999,55855,"West"
"1928",0.70999998,68889,"West"
"1929",0.31,3560,"West"
"1930",0.47999999,6332,"West"
"1931",0.69999999,13501,"West"
"1932",0.28,5161,"West"
"1933",0.19,1785,"West"
"1934",0.40000001,27641,"West"
"1935",0.38,700290,"West"
"1936",0.2,888136,"West"
"1937",0.51999998,20181,"West"
"1938",0.30000001,27390,"West"
"1939",0.18000001,444,"West"
"1940",0.15000001,1038,"West"
"1941",0.090000004,8505,"West"
"1942",0.22,3186,"West"
"1943",0.17,1880,"West"
"1944",0.13,19195,"West"
"1945",0.25999999,1653,"West"
"1946",0.31999999,14246,"West"
"1947",0.25999999,2357,"West"
"1948",0.22,1664,"West"
"1949",0.28999999,197026,"West"
"1950",0.46000001,4633,"West"
"1951",0.19,22900,"West"
"1952",0.60000002,149115,"Northeast"
"1953",0.25999999,21676,"Northeast"
"1954",0.88999999,522336,"Northeast"
"1955",0.44999999,85752,"Northeast"
"1956",0.30000001,34699,"Northeast"
"1957",0.41,35849,"Northeast"
"1958",0.34999999,56001,"Northeast"
"1959",0.37,37106,"Northeast"
"1960",0.33000001,22023,"Northeast"
"1961",0.47,34391,"Northeast"
"1962",0.47999999,29422,"Northeast"
"1963",0.43000001,22343,"Northeast"
"1964",0.33000001,19683,"Northeast"
"1965",0.47,134857,"Northeast"
"1966",0.5,422992,"Northeast"
"1967",0.44999999,16421,"Northeast"
"1968",0.43000001,19692,"Northeast"
"1969",0.30000001,22573,"Northeast"
"1970",0.28,28415,"Northeast"
"1971",0.34,19387,"Northeast"
"1972",0.28,2185,"Northeast"
"1973",0.30000001,27834,"Northeast"
"1974",0.36000001,43605,"Northeast"
"1975",0.80000001,1076542,"Northeast"
"1976",0.27000001,11032,"Northeast"
"1977",0.33000001,29597,"Northeast"
"1978",0.38999999,31644,"Northeast"
"1979",0.54000002,346299,"Northeast"
"1980",0.34,20991,"Northeast"
"1981",0.50999999,644177,"Northeast"
"1982",0.87,825258,"Northeast"
"1983",0.38,95800,"Northeast"
"1984",0.37,99518,"Northeast"
"1985",0.54000002,214416,"Northeast"
"1986",0.41999999,51920,"Northeast"
"1987",0.44999999,165254,"Northeast"
"1988",0.25999999,17028,"Northeast"
"1989",0.34999999,51535,"Northeast"
"1990",0.40000001,28960,"Northeast"
"1991",0.38999999,47852,"Northeast"
"1992",0.75,1033691,"Northeast"
"1993",0.46000001,77051,"Northeast"
"1994",0.40000001,198095,"Northeast"
"1995",0.50999999,139318,"Northeast"
"1996",0.44999999,109414,"Northeast"
"1997",0.5,71988,"Northeast"
"1998",0.30000001,14021,"Northeast"
"1999",0.33000001,8177,"Northeast"
"2000",0.41,14931,"Northeast"
"2001",0.41999999,43584,"Northeast"
"2002",0.28999999,41504,"Northeast"
"2003",0.44,718036,"Northeast"
"2004",0.41,32062,"Northeast"
"2005",0.33000001,23435,"Northeast"
"2006",0.68000001,51649,"Northeast"
"2007",0.51999998,83427,"Northeast"
"2008",0.41,30631,"Northeast"
"2009",0.37,27400,"Northeast"
"2010",0.34,42495,"Northeast"
"2011",0.64999998,442398,"Northeast"
"2012",0.22,17212,"Northeast"
"2013",0.36000001,11136,"Northeast"
"2014",0.20999999,9417,"Midwest"
"2015",0.28999999,46096,"Midwest"
"2016",0.23999999,23749,"Midwest"
"2017",0.38,42069,"Midwest"
"2018",0.56,25239,"Midwest"
"2019",0.17,22469,"Midwest"
"2020",0.28,29116,"Midwest"
"2021",0.22,18133,"Midwest"
"2022",0.34,172211,"Midwest"
"2023",0.23999999,12698,"Midwest"
"2024",0.25999999,17945,"Midwest"
"2025",0.38,60740,"Midwest"
"2026",0.27000001,94500,"Midwest"
"2027",0.22,15427,"Midwest"
"2028",0.27000001,46701,"Midwest"
"2029",0.25999999,14577,"Midwest"
"2030",0.23999999,18469,"Midwest"
"2031",0.66000003,577062,"Midwest"
"2032",0.18000001,24642,"Midwest"
"2033",0.30000001,17534,"Midwest"
"2034",0.40000001,90984,"Midwest"
"2035",0.43000001,35535,"Midwest"
"2036",0.34,68456,"Midwest"
"2037",0.25,12944,"Midwest"
"2038",0.61000001,589680,"Midwest"
"2039",0.28999999,20688,"Midwest"
"2040",0.2,11426,"Midwest"
"2041",0.34999999,46225,"Midwest"
"2042",0.34999999,75079,"Midwest"
"2043",0.27000001,16594,"Midwest"
"2044",0.52999997,372404,"Midwest"
"2045",0.27000001,37247,"Midwest"
"2046",0.23999999,13779,"Midwest"
"2047",0.23999999,6378,"Midwest"
"2048",0.27000001,12884,"Midwest"
"2049",0.2,15773,"Midwest"
"2050",0.30000001,12429,"Midwest"
"2051",0.16,18733,"Midwest"
"2052",0.28999999,26083,"Midwest"
"2053",0.23999999,12302,"Midwest"
"2054",0.30000001,27868,"Midwest"
"2055",0.28999999,28051,"Midwest"
"2056",0.40000001,117066,"Midwest"
"2057",0.25999999,24255,"Midwest"
"2058",0.33000001,80199,"Midwest"
"2059",0.22,20983,"Midwest"
"2060",0.47999999,138614,"Midwest"
"2061",0.56,192867,"Midwest"
"2062",0.28,18803,"Midwest"
"2063",0.5,101531,"Midwest"
"2064",0.30000001,26599,"Midwest"
"2065",0.34999999,88462,"Midwest"
"2066",0.23,8405,"Midwest"
"2067",0.16,21003,"Midwest"
"2068",0.25,48518,"Midwest"
"2069",0.25,5948,"Midwest"
"2070",0.47,233613,"Midwest"
"2071",0.27000001,6036,"Midwest"
"2072",0.23,15523,"Midwest"
"2073",0.30000001,36663,"Midwest"
"2074",0.2,4254,"Midwest"
"2075",0.37,19899,"Midwest"
"2076",0.23,8504,"Midwest"
"2077",0.28,14514,"Midwest"
"2078",0.27000001,23784,"Midwest"
"2079",0.30000001,9189,"Midwest"
"2080",0.43000001,81559,"Midwest"
"2081",0.20999999,19814,"Midwest"
"2082",0.16,17702,"Midwest"
"2083",0.28999999,50995,"Midwest"
"2084",0.34,31181,"Midwest"
"2085",0.34999999,29372,"Midwest"
"2086",0.30000001,27572,"Midwest"
"2087",0.31,25579,"Midwest"
"2088",0.18000001,22101,"Midwest"
"2089",0.38999999,173852,"Midwest"
"2090",0.51999998,252032,"Midwest"
"2091",0.44999999,86695,"Midwest"
"2092",0.30000001,41672,"Midwest"
"2093",0.28,24820,"Midwest"
"2094",0.2,13084,"Midwest"
"2095",0.25,4949,"Midwest"
"2096",0.28999999,101946,"Midwest"
"2097",0.27000001,25958,"Midwest"
"2098",0.30000001,55441,"Midwest"
"2099",0.25,17366,"Midwest"
"2100",0.41999999,63962,"Midwest"
"2101",0.23999999,11305,"Midwest"
"2102",0.20999999,7727,"South"
"2103",0.1,2836,"South"
"2104",0.16,4665,"South"
"2105",0.079999998,3035,"South"
"2106",0.13,12181,"South"
"2107",0.19,4208,"South"
"2108",0.2,16684,"South"
"2109",0.25999999,11013,"South"
"2110",0.20999999,61054,"South"
"2111",0.22,20728,"South"
"2112",0.33000001,17653,"South"
"2113",0.2,5342,"South"
"2114",0.059999999,1250,"South"
"2115",0.34999999,130731,"South"
"2116",0.17,2200,"South"
"2117",0.34999999,47848,"South"
"2118",0.16,2724,"South"
"2119",0.22,6007,"South"
"2120",0.2,29713,"South"
"2121",0.2,15134,"South"
"2122",0.20999999,16011,"South"
"2123",0.1,2307,"South"
"2124",0.079999998,2216,"South"
"2125",0.2,28359,"South"
"2126",0.18000001,11905,"South"
"2127",0.17,24369,"South"
"2128",0.13,2563,"South"
"2129",0.17,1965,"South"
"2130",0.23,1349,"South"
"2131",0.090000004,1859,"South"
"2132",0.19,4213,"South"
"2133",0.20999999,5314,"South"
"2134",0.19,10517,"South"
"2135",0.16,2477,"South"
"2136",0.2,3368,"South"
"2137",0.22,18875,"South"
"2138",0.13,7447,"South"
"2139",0.22,4074,"South"
"2140",0.2,4168,"South"
"2141",0.19,18384,"South"
"2142",0.17,14797,"South"
"2143",0.22,19719,"South"
"2144",0.19,4899,"South"
"2145",0.090000004,3935,"South"
"2146",0.2,6424,"South"
"2147",0.22,17369,"South"
"2148",0.17,16853,"South"
"2149",0.17,13097,"South"
"2150",0.27000001,6678,"South"
"2151",0.2,6374,"South"
"2152",0.33000001,28117,"South"
"2153",0.19,5254,"South"
"2154",0.18000001,4585,"South"
"2155",0.23999999,4079,"South"
"2156",0.41,348420,"South"
"2157",0.31,15245,"South"
"2158",0.30000001,20091,"South"
"2159",0.23999999,13430,"South"
"2160",0.20999999,7015,"South"
"2161",0.31999999,36151,"South"
"2162",0.20999999,17720,"South"
"2163",0.25,17352,"South"
"2164",0.23999999,30372,"South"
"2165",0.17,4515,"South"
"2166",0.090000004,2047,"South"
"2167",0.19,41654,"South"
"2168",0.25999999,9220,"South"
"2169",0.20999999,15809,"South"
"2170",0.17,19581,"South"
"2171",0.15000001,8617,"South"
"2172",0.23999999,3251,"South"
"2173",0.36000001,294058,"South"
"2174",0.20999999,34149,"South"
"2175",0.23,23417,"South"
"2176",0.13,5426,"South"
"2177",0.14,4935,"South"
"2178",0.12,10226,"South"
"2179",0.20999999,6349,"West"
"2180",0.62,42278,"West"
"2181",0.5,184354,"West"
"2182",0.49000001,16924,"West"
"2183",0.40000001,20471,"West"
"2184",0.34,24099,"West"
"2185",0.22,7978,"West"
"2186",0.34999999,7900,"West"
"2187",0.44,69896,"West"
"2188",0.27000001,40257,"West"
"2189",0.23999999,843,"West"
"2190",0.18000001,2844,"West"
"2191",0.18000001,3103,"West"
"2192",0.61000001,13026,"West"
"2193",0.41999999,87497,"West"
"2194",0.33000001,8459,"West"
"2195",0.31,29309,"West"
"2196",0.23999999,26474,"West"
"2197",0.16,3158,"West"
"2198",0.56,156962,"West"
"2199",0.50999999,19233,"West"
"2200",0.31999999,49365,"West"
"2201",0.22,11628,"West"
"2202",0.44,135598,"West"
"2203",0.25,5187,"West"
"2204",0.75999999,387723,"West"
"2205",0.43000001,32103,"West"
"2206",0.20999999,799,"West"
"2207",0.43000001,10089,"West"
"2208",0.28999999,33366,"West"
"2209",0.25999999,11064,"West"
"2210",0.25999999,2967,"West"
"2211",0.41,12644,"West"
"2212",0.58999997,270491,"West"
"2213",0.19,727,"West"
"2214",0.41,46264,"West"
"2215",0.30000001,51249,"Northeast"
"2216",0.56,607789,"Northeast"
"2217",0.22,31180,"Northeast"
"2218",0.38,80343,"Northeast"
"2219",0.15000001,22914,"Northeast"
"2220",0.43000001,195554,"Northeast"
"2221",0.25,57246,"Northeast"
"2222",0.25,30392,"Northeast"
"2223",0.47999999,314413,"Northeast"
"2224",0.28999999,91684,"Northeast"
"2225",0.30000001,60183,"Northeast"
"2226",0.23,2202,"Northeast"
"2227",0.31,29091,"Northeast"
"2228",0.47999999,73309,"Northeast"
"2229",0.52999997,257614,"Northeast"
"2230",0.23999999,17296,"Northeast"
"2231",0.23999999,34656,"Northeast"
"2232",0.31,17741,"Northeast"
"2233",0.31,32570,"Northeast"
"2234",0.28999999,38780,"Northeast"
"2235",0.38,117985,"Northeast"
"2236",0.49000001,130678,"Northeast"
"2237",0.58999997,267278,"Northeast"
"2238",0.25999999,15711,"Northeast"
"2239",0.47,126702,"Northeast"
"2240",0.33000001,54270,"Northeast"
"2241",0.25999999,1816,"Northeast"
"2242",0.25,70979,"Northeast"
"2243",0.13,6755,"Northeast"
"2244",0.28,17683,"Northeast"
"2245",0.23,18710,"Northeast"
"2246",0.30000001,41129,"Northeast"
"2247",0.19,19945,"Northeast"
"2248",0.17,11173,"Northeast"
"2249",0.5,98118,"Northeast"
"2250",0.38,251646,"Northeast"
"2251",0.34,39904,"Northeast"
"2252",0.30000001,66173,"Northeast"
"2253",0.5,167403,"Northeast"
"2254",0.38999999,145098,"Northeast"
"2255",0.25999999,57813,"Northeast"
"2256",0.23999999,18570,"Northeast"
"2257",0.36000001,49861,"Northeast"
"2258",0.2,19301,"Northeast"
"2259",0.47999999,74392,"Northeast"
"2260",0.58999997,407885,"Northeast"
"2261",0.33000001,8900,"Northeast"
"2262",0.46000001,142870,"Northeast"
"2263",0.25999999,40983,"Northeast"
"2264",0.22,22869,"Northeast"
"2265",0.81999999,623226,"Northeast"
"2266",0.34999999,23475,"Northeast"
"2267",0.17,7206,"Northeast"
"2268",0.27000001,64075,"Northeast"
"2269",0.23999999,18328,"Northeast"
"2270",0.20999999,33342,"Northeast"
"2271",0.23999999,2860,"Northeast"
"2272",0.25999999,20796,"Northeast"
"2273",0.20999999,20071,"Northeast"
"2274",0.34999999,17900,"Northeast"
"2275",0.27000001,24283,"Northeast"
"2276",0.27000001,19179,"Northeast"
"2277",0.36000001,99714,"Northeast"
"2278",0.28999999,21262,"Northeast"
"2279",0.33000001,173796,"Northeast"
"2280",0.28999999,13105,"Northeast"
"2281",0.33000001,215905,"Northeast"
"2282",0.58999997,23919,"Northeast"
"2283",0.47,82919,"Northeast"
"2284",0.56999999,40238,"Northeast"
"2285",0.58999997,289774,"Northeast"
"2286",0.51999998,63466,"Northeast"
"2287",0.34999999,9539,"South"
"2288",0.34,66613,"South"
"2289",0.75999999,2600,"South"
"2290",0.25999999,77917,"South"
"2291",0.63,4872,"South"
"2292",0.46000001,7707,"South"
"2293",0.41,60876,"South"
"2294",0.38999999,80894,"South"
"2295",0.47,6166,"South"
"2296",0.50999999,172986,"South"
"2297",0.28,20683,"South"
"2298",0.46000001,11944,"South"
"2299",0.41999999,18634,"South"
"2300",0.5,11566,"South"
"2301",0.44,14450,"South"
"2302",0.47,27020,"South"
"2303",0.5,11326,"South"
"2304",0.38,62799,"South"
"2305",0.38999999,9628,"South"
"2306",0.62,9029,"South"
"2307",0.46000001,58636,"South"
"2308",0.41999999,21696,"South"
"2309",0.34999999,209868,"South"
"2310",0.37,28768,"South"
"2311",0.58999997,7473,"South"
"2312",0.30000001,118816,"South"
"2313",0.55000001,10023,"South"
"2314",0.36000001,25422,"South"
"2315",0.34999999,30436,"South"
"2316",0.33000001,26910,"South"
"2317",0.63999999,5776,"South"
"2318",0.28999999,126888,"South"
"2319",0.60000002,11349,"South"
"2320",0.56999999,8891,"South"
"2321",0.47999999,3147,"South"
"2322",0.37,16605,"South"
"2323",0.23999999,30421,"South"
"2324",0.68000001,33726,"South"
"2325",0.20999999,49792,"South"
"2326",0.63999999,173681,"South"
"2327",0.33000001,7857,"South"
"2328",0.33000001,121948,"South"
"2329",0.55000001,39922,"South"
"2330",0.38999999,10321,"South"
"2331",0.66000003,10460,"South"
"2332",0.36000001,107426,"South"
"2333",0.23999999,1635,"Midwest"
"2334",0.28,9245,"Midwest"
"2335",0.36000001,1120,"Midwest"
"2336",0.23999999,2921,"Midwest"
"2337",0.38,17011,"Midwest"
"2338",0.34,20140,"Midwest"
"2339",0.25,2555,"Midwest"
"2340",0.60000002,674,"Midwest"
"2341",0.16,4748,"Midwest"
"2342",0.13,830,"Midwest"
"2343",0.27000001,3859,"Midwest"
"2344",0.23999999,1840,"Midwest"
"2345",0.50999999,7151,"Midwest"
"2346",0.27000001,14903,"Midwest"
"2347",0.46000001,1392,"Midwest"
"2348",0.23999999,3801,"Midwest"
"2349",0.30000001,10843,"Midwest"
"2350",0.34999999,2782,"Midwest"
"2351",0.27000001,2335,"Midwest"
"2352",0.51999998,2029,"Midwest"
"2353",0.13,1638,"Midwest"
"2354",0.2,2239,"Midwest"
"2355",0.23,2947,"Midwest"
"2356",0.18000001,1099,"Midwest"
"2357",0.27000001,4323,"Midwest"
"2358",0.19,2040,"Midwest"
"2359",0.07,1063,"Midwest"
"2360",0.2,3006,"Midwest"
"2361",0.18000001,1778,"Midwest"
"2362",0.20999999,1727,"Midwest"
"2363",0.050000001,778,"Midwest"
"2364",0.30000001,9600,"Midwest"
"2365",0.20999999,3588,"Midwest"
"2366",0.18000001,739,"Midwest"
"2367",0.28999999,1247,"Midwest"
"2368",0.27000001,1179,"Midwest"
"2369",0.12,603,"Midwest"
"2370",0.28,2869,"Midwest"
"2371",0.34,6003,"Midwest"
"2372",0.28,12086,"Midwest"
"2373",0.31999999,26895,"Midwest"
"2374",0.25999999,1770,"Midwest"
"2375",0.38999999,2382,"Midwest"
"2376",0.23999999,3048,"Midwest"
"2377",0.17,1093,"Midwest"
"2378",0.19,12589,"Midwest"
"2379",0.34999999,790,"Midwest"
"2380",0.25999999,1215,"Midwest"
"2381",0.38999999,96839,"Midwest"
"2382",0.36000001,3788,"Midwest"
"2383",0.86000001,1251,"Midwest"
"2384",0.28999999,3225,"Midwest"
"2385",0.12,50919,"Midwest"
"2386",0.16,1474,"Midwest"
"2387",0.40000001,1163,"Midwest"
"2388",0.20999999,4646,"Midwest"
"2389",0.31,3262,"Midwest"
"2390",0.20999999,1804,"Midwest"
"2391",0.16,854,"Midwest"
"2392",0.70999998,2920,"Midwest"
"2393",0.18000001,3031,"Midwest"
"2394",0.23,4564,"Midwest"
"2395",0.28,7441,"Midwest"
"2396",0.18000001,2184,"Midwest"
"2397",0.34,11155,"Midwest"
"2398",0.46000001,983,"Midwest"
"2399",0.30000001,31808,"South"
"2400",0.22,18328,"South"
"2401",0.23,6285,"South"
"2402",0.19,3865,"South"
"2403",0.23,56210,"South"
"2404",0.18000001,45222,"South"
"2405",0.18000001,14008,"South"
"2406",0.20999999,5522,"South"
"2407",0.22,11930,"South"
"2408",0.16,23245,"South"
"2409",0.25,18737,"South"
"2410",0.19,7726,"South"
"2411",0.17,12030,"South"
"2412",0.23999999,2991,"South"
"2413",0.16,13708,"South"
"2414",0.23999999,22642,"South"
"2415",0.23999999,6559,"South"
"2416",0.2,21707,"South"
"2417",0.60000002,331739,"South"
"2418",0.23,7278,"South"
"2419",0.2,4680,"South"
"2420",0.25,22203,"South"
"2421",0.20999999,15577,"South"
"2422",0.30000001,16872,"South"
"2423",0.15000001,6752,"South"
"2424",0.27000001,17977,"South"
"2425",0.27000001,20550,"South"
"2426",0.25999999,12867,"South"
"2427",0.14,8697,"South"
"2428",0.18000001,27048,"South"
"2429",0.20999999,4980,"South"
"2430",0.2,25028,"South"
"2431",0.38999999,159372,"South"
"2432",0.14,1993,"South"
"2433",0.44999999,8916,"South"
"2434",0.16,10036,"South"
"2435",0.17,22902,"South"
"2436",0.54000002,7285,"South"
"2437",0.18000001,11940,"South"
"2438",0.23999999,12961,"South"
"2439",0.23,9716,"South"
"2440",0.27000001,3128,"South"
"2441",0.28,7844,"South"
"2442",0.25,4111,"South"
"2443",0.18000001,21771,"South"
"2444",0.15000001,6663,"South"
"2445",0.34999999,216978,"South"
"2446",0.28999999,1980,"South"
"2447",0.41999999,9384,"South"
"2448",0.18000001,16941,"South"
"2449",0.19,4505,"South"
"2450",0.19,14657,"South"
"2451",0.20999999,20663,"South"
"2452",0.14,9307,"South"
"2453",0.41,44623,"South"
"2454",0.25999999,11172,"South"
"2455",0.25,12970,"South"
"2456",0.28999999,37518,"South"
"2457",0.19,21479,"South"
"2458",0.18000001,8773,"South"
"2459",0.2,4545,"South"
"2460",0.19,17555,"South"
"2461",0.38,72187,"South"
"2462",0.17,3200,"South"
"2463",0.16,7479,"South"
"2464",0.2,12432,"South"
"2465",0.23999999,8878,"South"
"2466",0.20999999,2813,"South"
"2467",0.20999999,2220,"South"
"2468",0.19,6758,"South"
"2469",0.25,30305,"South"
"2470",0.18000001,12130,"South"
"2471",0.22,21853,"South"
"2472",0.25,31398,"South"
"2473",0.34,135839,"South"
"2474",0.13,7417,"South"
"2475",0.19,5465,"South"
"2476",0.17,45198,"South"
"2477",0.62,408067,"South"
"2478",0.23,7970,"South"
"2479",0.23,4935,"South"
"2480",0.2,67503,"South"
"2481",0.25999999,79560,"South"
"2482",0.25,25832,"South"
"2483",0.30000001,3368,"South"
"2484",0.18000001,6922,"South"
"2485",0.16,6913,"South"
"2486",0.22,1988,"South"
"2487",0.25999999,15977,"South"
"2488",0.25999999,56081,"South"
"2489",0.12,6036,"South"
"2490",0.23,15106,"South"
"2491",0.19,11029,"South"
"2492",0.30000001,94186,"South"
"2493",0.25999999,56854,"South"
"2494",0.2,20995,"South"
"2495",0.17,8211,"South"
"2496",0.25,35292,"South"
"2497",0.23,9260,"South"
"2498",0.090000004,4135,"South"
"2499",0.07,982,"South"
"2500",0.34,18737,"South"
"2501",0.19,13205,"South"
"2502",0.22,2966,"South"
"2503",0.17,8538,"South"
"2504",0.37,32977,"South"
"2505",0.13,1773,"South"
"2506",0.41,10100,"South"
"2507",0.40000001,124317,"South"
"2508",0.54000002,787992,"South"
"2509",0.22,5215,"South"
"2510",0.079999998,402,"South"
"2511",0.16,7606,"South"
"2512",0.25999999,38503,"South"
"2513",0.36000001,150606,"South"
"2514",0.34999999,94659,"South"
"2515",0.44,4335,"South"
"2516",0.12,609,"South"
"2517",0.75,2486,"South"
"2518",0.12,14996,"South"
"2519",0.20999999,7191,"South"
"2520",0.2,19228,"South"
"2521",0.40000001,15652,"South"
"2522",0.30000001,9667,"South"
"2523",0.1,5578,"South"
"2524",0.64999998,149318,"South"
"2525",0.28,5069,"South"
"2526",0.079999998,3145,"South"
"2527",0.19,11661,"South"
"2528",0.25999999,3886,"South"
"2529",0.18000001,15787,"South"
"2530",0.20999999,20408,"South"
"2531",0.12,2841,"South"
"2532",0.11,5026,"South"
"2533",0.20999999,1339,"South"
"2534",0.1,1399,"South"
"2535",0.11,3070,"South"
"2536",0.38999999,420835,"South"
"2537",0.13,1187,"South"
"2538",0.23,9546,"South"
"2539",0.23,52587,"South"
"2540",0.15000001,5426,"South"
"2541",0.14,1449,"South"
"2542",0.15000001,19672,"South"
"2543",0.28,23551,"South"
"2544",0.14,617,"South"
"2545",0.22,1962,"South"
"2546",0.27000001,1686,"South"
"2547",0.27000001,2704,"South"
"2548",0.60000002,930,"South"
"2549",0.14,3877,"South"
"2550",0.61000001,1137353,"South"
"2551",0.23,4759,"South"
"2552",0.17,9284,"South"
"2553",0.28,8896,"South"
"2554",0.18000001,2450,"South"
"2555",0.38,366715,"South"
"2556",0.14,745,"South"
"2557",0.67000002,5434,"South"
"2558",0.13,1610,"South"
"2559",0.67000002,5055,"South"
"2560",0.11,7724,"South"
"2561",0.28,73596,"South"
"2562",0.28,868,"South"
"2563",0.69,318155,"South"
"2564",0.25999999,71672,"South"
"2565",0.16,18960,"South"
"2566",0.31999999,6416,"South"
"2567",0.18000001,14018,"South"
"2568",0.19,11931,"South"
"2569",0.23,1807,"South"
"2570",0.22,2995,"South"
"2571",0.22,587,"South"
"2572",0.51999998,300416,"South"
"2573",0.15000001,4292,"South"
"2574",0.19,7526,"South"
"2575",0.51999998,8244,"South"
"2576",0.13,8421,"South"
"2577",0.37,141591,"South"
"2578",0.15000001,2089,"South"
"2579",0.17,11763,"South"
"2580",0.059999999,733,"South"
"2581",0.25999999,3292,"South"
"2582",0.25,8986,"South"
"2583",0.090000004,9164,"South"
"2584",0.22,55969,"South"
"2585",0.28,57881,"South"
"2586",0.23,11065,"South"
"2587",0.31999999,64498,"South"
"2588",0.23999999,14779,"South"
"2589",0.15000001,1240,"South"
"2590",0.13,3535,"South"
"2591",0.090000004,2954,"South"
"2592",0.16,1660,"South"
"2593",0.12,23724,"South"
"2594",0.54000002,2015821,"South"
"2595",0.27000001,29637,"South"
"2596",0.090000004,2808,"South"
"2597",0.18000001,2629,"South"
"2598",0.46000001,80890,"South"
"2599",0.11,2475,"South"
"2600",0.19,31963,"South"
"2601",0.69,293590,"South"
"2602",0.2,14725,"South"
"2603",0.17,11178,"South"
"2604",0.15000001,22255,"South"
"2605",0.19,15997,"South"
"2606",0.23999999,9375,"South"
"2607",0.2,12663,"South"
"2608",0.37,1229,"South"
"2609",0.2,35278,"South"
"2610",0.11,9198,"South"
"2611",0.12,814,"South"
"2612",0.090000004,3589,"South"
"2613",0.17,7064,"South"
"2614",0.19,13342,"South"
"2615",0.36000001,1157,"South"
"2616",0.49000001,101154,"South"
"2617",0.76999998,2198,"South"
"2618",0.54000002,19397,"South"
"2619",0.19,68373,"South"
"2620",0.16,5485,"South"
"2621",0.27000001,4971,"South"
"2622",0.25,48085,"South"
"2623",0.18000001,16548,"South"
"2624",0.52999997,241,"South"
"2625",0.14,531,"South"
"2626",0.2,20453,"South"
"2627",0.11,2085,"South"
"2628",0.029999999,237,"South"
"2629",0.31999999,1154,"South"
"2630",0.5,14372,"South"
"2631",0.18000001,1724,"South"
"2632",0.55000001,3511,"South"
"2633",0.19,20581,"South"
"2634",0.2,5957,"South"
"2635",0.18000001,8453,"South"
"2636",0.14,9033,"South"
"2637",0.20999999,8654,"South"
"2638",0.12,6448,"South"
"2639",0.2,27951,"South"
"2640",0.23,8954,"South"
"2641",0.1,1691,"South"
"2642",0.17,5511,"South"
"2643",0.18000001,7527,"South"
"2644",0.059999999,63,"South"
"2645",0.28999999,137978,"South"
"2646",0.2,2778,"South"
"2647",0.20999999,4329,"South"
"2648",0.27000001,3959,"South"
"2649",0.15000001,2309,"South"
"2650",0.17,1869,"South"
"2651",0.28,15389,"South"
"2652",0.76999998,20465,"South"
"2653",0.16,4170,"South"
"2654",0.34999999,105013,"South"
"2655",0.079999998,728,"South"
"2656",0.27000001,18903,"South"
"2657",0.18000001,912,"South"
"2658",0.2,79105,"South"
"2659",0.23999999,9407,"South"
"2660",0.11,1989,"South"
"2661",0.16,2708,"South"
"2662",0.1,9328,"South"
"2663",0.23,225229,"South"
"2664",0.20999999,11099,"South"
"2665",0.28999999,5273,"South"
"2666",0.059999999,491,"South"
"2667",0.30000001,27636,"South"
"2668",0.23999999,21582,"South"
"2669",0.23999999,5168,"South"
"2670",0.22,6679,"South"
"2671",0.47,156217,"South"
"2672",0.090000004,5120,"South"
"2673",0.079999998,911,"South"
"2674",0.18000001,34852,"South"
"2675",0.17,12527,"South"
"2676",0.18000001,11488,"South"
"2677",0.15000001,54539,"South"
"2678",0.30000001,4804,"South"
"2679",0.37,6641,"South"
"2680",0.20999999,16152,"South"
"2681",0.27000001,55273,"South"
"2682",0.66000003,3322,"South"
"2683",0.13,4871,"South"
"2684",0.15000001,65177,"South"
"2685",0.19,2009,"South"
"2686",0.16,968,"South"
"2687",0.22,4704,"South"
"2688",0.51999998,4989,"South"
"2689",0.34999999,3301,"South"
"2690",0.039999999,448,"South"
"2691",0.31,6711,"South"
"2692",0.23999999,38687,"South"
"2693",0.12,4785,"South"
"2694",0.20999999,23069,"South"
"2695",0.13,2898,"South"
"2696",0.25,2662,"South"
"2697",0.2,10540,"South"
"2698",0.36000001,28157,"South"
"2699",0.12,2154,"South"
"2700",0.2,1711,"South"
"2701",0.14,7763,"South"
"2702",0.07,2138,"South"
"2703",0.19,11257,"South"
"2704",0.1,1442,"South"
"2705",0.27000001,94707,"South"
"2706",0.14,3873,"South"
"2707",0.79000002,22274,"South"
"2708",0.1,4128,"South"
"2709",0.11,695,"South"
"2710",0.19,716,"South"
"2711",0.22,1919,"South"
"2712",0.20999999,2872,"South"
"2713",0.43000001,904208,"South"
"2714",0.22,60894,"South"
"2715",0.31999999,523,"South"
"2716",0.23999999,5300,"South"
"2717",0.1,787,"South"
"2718",0.28,12284,"South"
"2719",0.23999999,50971,"South"
"2720",0.66000003,579181,"South"
"2721",0.19,5123,"South"
"2722",0.16,6777,"South"
"2723",0.15000001,17482,"South"
"2724",0.22,1528,"South"
"2725",0.43000001,11015,"South"
"2726",0.50999999,18507,"South"
"2727",0.13,22004,"South"
"2728",0.28,42766,"South"
"2729",0.31,21566,"South"
"2730",0.34,19083,"South"
"2731",0.23,5103,"South"
"2732",0.23,14780,"South"
"2733",0.74000001,102172,"South"
"2734",0.28999999,20006,"South"
"2735",0.079999998,2771,"South"
"2736",0.23,54968,"South"
"2737",0.2,5573,"South"
"2738",0.67000002,6260,"South"
"2739",0.41999999,223807,"South"
"2740",0.25,20548,"South"
"2741",0.22,3009,"South"
"2742",0.14,26458,"South"
"2743",0.14,15435,"South"
"2744",0.19,4166,"South"
"2745",0.11,8089,"South"
"2746",0.66000003,6393,"South"
"2747",0.77999997,3801,"South"
"2748",0.11,2726,"West"
"2749",0.11,21634,"West"
"2750",0.19,54443,"West"
"2751",0.22,8613,"West"
"2752",0.16,414,"West"
"2753",0.22,141425,"West"
"2754",0.07,8723,"West"
"2755",0.090000004,4407,"West"
"2756",0.15000001,2587,"West"
"2757",0.43000001,4956,"West"
"2758",0.14,18147,"West"
"2759",0.11,4344,"West"
"2760",0.20999999,3234,"West"
"2761",0.079999998,5663,"West"
"2762",0.11,4122,"West"
"2763",0.050000001,451,"West"
"2764",0.090000004,896,"West"
"2765",0.43000001,527446,"West"
"2766",0.37,5195,"West"
"2767",0.1,10536,"West"
"2768",0.079999998,8847,"West"
"2769",0.50999999,20471,"West"
"2770",0.20999999,26097,"West"
"2771",0.079999998,15277,"West"
"2772",0.14,226976,"West"
"2773",0.25,10985,"West"
"2774",0.17,53300,"West"
"2775",0.19,1209,"West"
"2776",0.27000001,106166,"West"
"2777",0.43000001,15133,"South"
"2778",0.58999997,49911,"South"
"2779",0.76999998,89486,"South"
"2780",0.30000001,7253,"South"
"2781",0.31,5815,"South"
"2782",0.33000001,15001,"South"
"2783",0.25,6689,"South"
"2784",0.76999998,139078,"South"
"2785",0.22,34914,"South"
"2786",0.27000001,2437,"South"
"2787",0.23,36055,"South"
"2788",0.15000001,2675,"South"
"2789",0.23999999,16764,"South"
"2790",0.25999999,7423,"South"
"2791",0.58999997,6055,"South"
"2792",0.19,7810,"South"
"2793",0.43000001,5924,"South"
"2794",0.28999999,3006,"South"
"2795",0.23999999,25349,"South"
"2796",0.44999999,13380,"South"
"2797",0.19,12351,"South"
"2798",0.60000002,3554,"South"
"2799",0.37,4901,"South"
"2800",0.80000001,22240,"South"
"2801",0.47,107850,"South"
"2802",0.46000001,162510,"South"
"2803",0.37,7336,"South"
"2804",0.28,8021,"South"
"2805",0.38999999,2408,"South"
"2806",0.19,2293,"South"
"2807",0.34999999,22044,"South"
"2808",0.41999999,4207,"South"
"2809",0.58999997,17915,"South"
"2810",0.20999999,4663,"South"
"2811",0.43000001,12609,"South"
"2812",0.64999998,2211,"South"
"2813",0.47,5323,"South"
"2814",0.64999998,595973,"South"
"2815",0.62,12382,"South"
"2816",0.75999999,7422,"South"
"2817",0.34999999,34185,"South"
"2818",0.28999999,7907,"South"
"2819",0.43000001,12492,"South"
"2820",0.27000001,25635,"South"
"2821",0.62,3359,"South"
"2822",0.30000001,40987,"South"
"2823",0.60000002,12647,"South"
"2824",0.28999999,2788,"South"
"2825",0.23999999,7646,"South"
"2826",0.28,18291,"South"
"2827",0.34999999,9711,"South"
"2828",0.19,6333,"South"
"2829",0.31,9261,"South"
"2830",0.58999997,4085,"South"
"2831",0.41,14535,"South"
"2832",0.67000002,60571,"South"
"2833",0.31,52136,"South"
"2834",0.56999999,22361,"South"
"2835",0.57999998,162235,"South"
"2836",0.34,20361,"South"
"2837",0.27000001,1391,"South"
"2838",0.52999997,8766,"South"
"2839",0.37,17586,"South"
"2840",0.44999999,31116,"South"
"2841",0.33000001,10979,"South"
"2842",0.30000001,8141,"South"
"2843",0.40000001,3432,"South"
"2844",0.43000001,5085,"South"
"2845",0.17,8989,"South"
"2846",0.62,2085,"South"
"2847",0.55000001,177884,"South"
"2848",0.34999999,16853,"South"
"2849",0.40000001,4980,"South"
"2850",0.41999999,32956,"South"
"2851",0.31999999,6915,"South"
"2852",0.62,8295,"South"
"2853",0.55000001,20709,"South"
"2854",0.60000002,5012,"South"
"2855",0.30000001,3940,"South"
"2856",0.43000001,12269,"South"
"2857",0.34999999,4826,"South"
"2858",0.47,46263,"South"
"2859",0.44999999,7033,"South"
"2860",0.28999999,10028,"South"
"2861",0.60000002,83327,"South"
"2862",0.68000001,104301,"South"
"2863",0.52999997,5626,"South"
"2864",0.34999999,5414,"South"
"2865",0.25999999,1842,"South"
"2866",0.41999999,6444,"South"
"2867",0.34999999,14824,"South"
"2868",0.23999999,10962,"South"
"2869",0.20999999,7261,"South"
"2870",0.88,12000,"South"
"2871",0.28999999,28364,"South"
"2872",0.22,6020,"South"
"2873",0.66000003,41718,"South"
"2874",0.23999999,12800,"South"
"2875",0.5,9415,"South"
"2876",0.40000001,13583,"South"
"2877",0.56999999,216852,"South"
"2878",0.28,15639,"South"
"2879",0.47999999,7468,"South"
"2880",0.38999999,3750,"South"
"2881",0.37,3677,"South"
"2882",0.79000002,101183,"South"
"2883",0.33000001,46997,"South"
"2884",0.56,46096,"South"
"2885",0.33000001,10117,"South"
"2886",0.25999999,38576,"South"
"2887",0.19,10767,"South"
"2888",0.34999999,12154,"South"
"2889",0.16,9331,"South"
"2890",0.25999999,19517,"South"
"2891",0.20999999,12227,"South"
"2892",0.41,8902,"South"
"2893",0.38999999,60261,"South"
"2894",0.43000001,61754,"South"
"2895",0.47999999,11072,"South"
"2896",0.55000001,38888,"South"
"2897",0.51999998,3403,"South"
"2898",0.56999999,3863,"South"
"2899",0.16,16497,"South"
"2900",0.44999999,215996,"South"
"2901",0.28999999,18725,"South"
"2902",0.22,25914,"South"
"2903",0.41,9339,"South"
"2904",0.44999999,8491,"South"
"2905",0.69,6277,"South"
"2906",0.49000001,13301,"South"
"2907",0.18000001,14590,"South"
"2908",0.20999999,13037,"South"
"2909",0.38,29897,"South"
"2910",0.63999999,19980,"Northeast"
"2911",0.57999998,18510,"Northeast"
"2912",0.5,15117,"Northeast"
"2913",0.69999999,92155,"Northeast"
"2914",0.38,2703,"Northeast"
"2915",0.47999999,26610,"Northeast"
"2916",0.55000001,3909,"Northeast"
"2917",0.62,13153,"Northeast"
"2918",0.56,15686,"Northeast"
"2919",0.47,13040,"Northeast"
"2920",0.49000001,30730,"Northeast"
"2921",0.64999998,32973,"Northeast"
"2922",0.68000001,23387,"Northeast"
"2923",0.63,29295,"Northeast"
"2924",0.27000001,7486,"West"
"2925",0.31999999,9006,"West"
"2926",0.33000001,83678,"West"
"2927",0.38999999,37968,"West"
"2928",0.46000001,25220,"West"
"2929",0.46000001,189781,"West"
"2930",0.23999999,1670,"West"
"2931",0.38999999,39808,"West"
"2932",0.31,17711,"West"
"2933",0.31,2062,"West"
"2934",0.38,35217,"West"
"2935",0.22,943,"West"
"2936",0.27000001,39767,"West"
"2937",0.43000001,25139,"West"
"2938",0.49000001,29891,"West"
"2939",0.62,10745,"West"
"2940",0.72000003,1051738,"West"
"2941",0.50999999,106988,"West"
"2942",0.38999999,18780,"West"
"2943",0.38,8924,"West"
"2944",0.28999999,28384,"West"
"2945",0.22,4865,"West"
"2946",0.43000001,20992,"West"
"2947",0.37,19158,"West"
"2948",0.43000001,7209,"West"
"2949",0.28,4202,"West"
"2950",0.5,351051,"West"
"2951",0.67000002,7889,"West"
"2952",0.47999999,51623,"West"
"2953",0.40000001,4503,"West"
"2954",0.54000002,356850,"West"
"2955",0.41999999,209590,"West"
"2956",0.25999999,16086,"West"
"2957",0.52999997,112858,"West"
"2958",0.34999999,1202,"West"
"2959",0.38,27377,"West"
"2960",0.55000001,94781,"West"
"2961",0.46000001,20949,"West"
"2962",0.38999999,108332,"West"
"2963",0.37,8002,"Midwest"
"2964",0.51999998,7473,"Midwest"
"2965",0.34999999,21841,"Midwest"
"2966",0.51999998,6956,"Midwest"
"2967",0.41999999,128644,"Midwest"
"2968",0.37,6223,"Midwest"
"2969",0.34,6860,"Midwest"
"2970",0.36000001,25839,"Midwest"
"2971",0.38,31013,"Midwest"
"2972",0.31,15830,"Midwest"
"2973",0.46000001,29059,"Midwest"
"2974",0.44999999,7599,"Midwest"
"2975",0.70999998,282955,"Midwest"
"2976",0.33000001,44329,"Midwest"
"2977",0.46000001,14147,"Midwest"
"2978",0.50999999,21827,"Midwest"
"2979",0.41,21891,"Midwest"
"2980",0.5,54883,"Midwest"
"2981",0.25,2027,"Midwest"
"2982",0.34,52481,"Midwest"
"2983",0.34999999,3687,"Midwest"
"2984",0.41999999,26044,"Midwest"
"2985",0.49000001,19532,"Midwest"
"2986",0.28999999,9540,"Midwest"
"2987",0.55000001,12647,"Midwest"
"2988",0.37,2493,"Midwest"
"2989",0.41999999,9563,"Midwest"
"2990",0.38999999,43135,"Midwest"
"2991",0.34999999,12445,"Midwest"
"2992",0.47,80006,"Midwest"
"2993",0.34,10297,"Midwest"
"2994",0.51999998,62807,"Midwest"
"2995",0.43000001,8873,"Midwest"
"2996",0.31999999,9047,"Midwest"
"2997",0.37,13731,"Midwest"
"2998",0.36000001,40301,"Midwest"
"2999",0.38,66404,"Midwest"
"3000",0.31,19660,"Midwest"
"3001",0.36000001,6911,"Midwest"
"3002",0.77999997,1330,"Midwest"
"3003",0.66000003,435451,"Midwest"
"3004",0.36000001,21128,"Midwest"
"3005",0.30000001,18928,"Midwest"
"3006",0.38999999,17475,"Midwest"
"3007",0.41,93891,"Midwest"
"3008",0.38,44778,"Midwest"
"3009",0.36000001,3844,"Midwest"
"3010",0.40000001,22578,"Midwest"
"3011",0.33000001,22072,"Midwest"
"3012",0.49000001,36074,"Midwest"
"3013",0.34999999,6520,"Midwest"
"3014",0.44999999,92039,"Midwest"
"3015",0.44999999,9103,"Midwest"
"3016",0.51999998,74657,"Midwest"
"3017",0.31,6169,"Midwest"
"3018",0.47,33180,"Midwest"
"3019",0.37,7387,"Midwest"
"3020",0.31,19896,"Midwest"
"3021",0.38999999,56180,"Midwest"
"3022",0.37,44760,"Midwest"
"3023",0.25,10284,"Midwest"
"3024",0.41999999,15434,"Midwest"
"3025",0.44999999,14085,"Midwest"
"3026",0.34999999,9088,"Midwest"
"3027",0.37,51979,"Midwest"
"3028",0.36000001,7450,"Midwest"
"3029",0.27000001,70469,"Midwest"
"3030",0.34,205086,"Midwest"
"3031",0.33000001,25312,"Midwest"
"3032",0.31999999,10969,"Midwest"
"3033",0.43000001,86354,"Midwest"
"3034",0.38,36725,"Midwest"
"3035",0.2,6166,"South"
"3036",0.28999999,48755,"South"
"3037",0.20999999,7991,"South"
"3038",0.25999999,4824,"South"
"3039",0.27000001,9714,"South"
"3040",0.34999999,40212,"South"
"3041",0.18000001,2526,"South"
"3042",0.19,3104,"South"
"3043",0.13,3188,"South"
"3044",0.28,16048,"South"
"3045",0.20999999,2554,"South"
"3046",0.1,5625,"South"
"3047",0.27000001,14248,"South"
"3048",0.18000001,8959,"South"
"3049",0.25999999,12471,"South"
"3050",0.20999999,4977,"South"
"3051",0.28,29347,"South"
"3052",0.22,10984,"South"
"3053",0.38999999,26008,"South"
"3054",0.37,85275,"South"
"3055",0.19,6859,"South"
"3056",0.20999999,6907,"South"
"3057",0.17,11641,"South"
"3058",0.30000001,25093,"South"
"3059",0.22,13165,"South"
"3060",0.2,9822,"South"
"3061",0.23,5800,"South"
"3062",0.2,21462,"South"
"3063",0.18000001,11067,"South"
"3064",0.14,8112,"South"
"3065",0.41,47096,"South"
"3066",0.19,5316,"South"
"3067",0.20999999,7030,"South"
"3068",0.19,9823,"South"
"3069",0.31,19987,"South"
"3070",0.23,3388,"South"
"3071",0.2,2626,"South"
"3072",0.25999999,3253,"South"
"3073",0.2,13730,"South"
"3074",0.23999999,24669,"South"
"3075",0.22,30444,"South"
"3076",0.25,11019,"South"
"3077",0.12,4057,"South"
"3078",0.23,4718,"South"
"3079",0.23999999,4224,"South"
"3080",0.23,7043,"South"
"3081",0.22,2933,"South"
"3082",0.14,3323,"South"
"3083",0.19,9202,"South"
"3084",0.22,15137,"South"
"3085",0.19,3216,"South"
"3086",0.22,6580,"South"
"3087",0.16,2044,"South"
"3088",0.23999999,35725,"South"
"3089",0.14,7607,"South"
"3090",0.41999999,19855,"West"
"3091",0.12,5322,"West"
"3092",0.07,24919,"West"
"3093",0.20999999,7794,"West"
"3094",0.1,7637,"West"
"3095",0.07,3630,"West"
"3096",0.25,19999,"West"
"3097",0.16,7164,"West"
"3098",0.16,2457,"West"
"3099",0.15000001,4236,"West"
"3100",0.28999999,44989,"West"
"3101",0.13,7688,"West"
"3102",0.2,40262,"West"
"3103",0.090000004,1329,"West"
"3104",0.17,15367,"West"
"3105",0.16,4556,"West"
"3106",0.20999999,14924,"West"
"3107",0.15000001,5302,"West"
"3108",0.19,22997,"West"
"3109",0.60000002,12887,"West"
"3110",0.15000001,9694,"West"
"3111",0.14,4256,"West"
"3112",0.090000004,3813,"West"
